Afghanistan,AFG,14300.00,14400.00,13000.00,13500.00,14900.00,14600.00,14700.00,15200.00,15100.00,14900.00,15700.00,15800.00,15600.00,15300.00,14300.00,13500.00,12300.00,12400.00,13000.00,12300.00,12500.00,12300.00,11400.00,11400.00,11300.00,11600.00,12500.00,13300.00,13800.00,14800.00,13500.00,12600.00,13800.00,14700.00,14700.00,14800.00,14800.00,15300.00,15300.00,15600.00,17800.00,18000.00,18200.00
Albania,ALB,6960.00,6950.00,7610.00,7350.00,7630.00,7870.00,8470.00,8950.00,10000.00,11200.00,11400.00,10500.00,10700.00,11600.00,12200.00,11800.00,12100.00,12200.00,12600.00,12600.00,11100.00,8270.00,6230.00,6070.00,6790.00,6420.00,6190.00,5500.00,5250.00,6490.00,8390.00,6820.00,7500.00,7830.00,7400.00,8310.00,8030.00,9880.00,8140.00,8110.00,8510.00,8710.00,8900.00
Algeria,DZA,34600.00,38900.00,53700.00,67600.00,59300.00,56000.00,68700.00,74900.00,82000.00,84400.00,83300.00,79900.00,83100.00,89100.00,92800.00,104000.00,108000.00,107000.00,108000.00,110000.00,106000.00,112000.00,122000.00,122000.00,119000.00,124000.00,124000.00,124000.00,127000.00,133000.00,134000.00,129000.00,131000.00,140000.00,140000.00,146000.00,152000.00,157000.00,160000.00,161000.00,168000.00,172000.00,176000.00
American Samoa,ASM,13.10,13.20,13.40,13.70,13.90,14.20,14.40,14.60,14.80,15.00,15.50,16.60,16.10,16.70,17.40,18.00,18.70,19.40,20.00,20.70,20.40,21.00,21.50,22.00,22.50,22.90,23.30,23.60,23.90,31.10,47.70,50.90,51.30,51.80,52.30,52.80,53.30,53.90,54.60,55.00,56.60,57.70,58.80
Angola,AGO,60600.00,39200.00,42200.00,44300.00,40200.00,44400.00,38400.00,43600.00,46200.00,56600.00,48000.00,41900.00,45200.00,44900.00,35900.00,36700.00,36000.00,46700.00,35700.00,39300.00,50800.00,43800.00,65000.00,39800.00,44700.00,48200.00,47100.00,33100.00,35300.00,36100.00,34800.00,34400.00,34500.00,35900.00,36900.00,35900.00,36400.00,36700.00,37400.00,38300.00,40000.00,40900.00,41700.00
Anguilla,AIA,8.73,8.49,8.25,8.13,7.68,6.49,6.02,5.79,5.64,5.43,5.26,5.12,4.99,4.86,4.73,4.61,4.45,4.33,4.16,3.96,3.76,3.62,3.49,3.13,3.08,3.08,3.09,3.08,3.06,3.05,3.11,3.13,3.28,3.16,3.16,3.17,3.18,3.18,3.19,3.20,3.20,3.24,3.27
Antigua and Barbuda,ATG,253.00,256.00,297.00,318.00,280.00,328.00,292.00,319.00,313.00,312.00,313.00,430.00,551.00,419.00,456.00,365.00,340.00,340.00,388.00,371.00,372.00,373.00,372.00,359.00,381.00,392.00,390.00,362.00,379.00,404.00,399.00,399.00,406.00,419.00,449.00,454.00,464.00,478.00,492.00,493.00,521.00,538.00,553.00
Argentina,ARG,222000.00,214000.00,224000.00,227000.00,229000.00,233000.00,247000.00,247000.00,248000.00,256000.00,254000.00,246000.00,244000.00,249000.00,243000.00,238000.00,251000.00,257000.00,266000.00,266000.00,267000.00,267000.00,272000.00,277000.00,271000.00,275000.00,288000.00,300000.00,312000.00,334000.00,331000.00,326000.00,311000.00,345000.00,370000.00,358000.00,374000.00,385000.00,412000.00,373000.00,365000.00,373000.00,380000.00
Armenia,ARM,6250.00,6380.00,6750.00,7370.00,7980.00,11600.00,11900.00,12400.00,12900.00,13500.00,14500.00,15100.00,15800.00,15900.00,16000.00,16300.00,16500.00,16500.00,17600.00,17500.00,24700.00,25400.00,14500.00,8360.00,6110.00,6710.00,5990.00,6720.00,6740.00,6390.00,6870.00,6900.00,6460.00,6970.00,7630.00,8400.00,8740.00,9320.00,12500.00,11200.00,11400.00,12400.00,12300.00
Aruba,ABW,42.30,42.80,43.30,43.70,44.10,44.50,132.00,135.00,359.00,410.00,425.00,519.00,564.00,530.00,571.00,642.00,436.00,617.00,600.00,636.00,643.00,652.00,690.00,713.00,729.00,732.00,210.00,973.00,190.00,176.00,273.00,268.00,281.00,280.00,281.00,287.00,308.00,344.00,366.00,366.00,388.00,401.00,413.00
Australia,AUS,319000.00,314000.00,355000.00,333000.00,356000.00,378000.00,408000.00,415000.00,378000.00,412000.00,434000.00,388000.00,429000.00,387000.00,398000.00,457000.00,435000.00,413000.00,435000.00,461000.00,482000.00,499000.00,487000.00,479000.00,522000.00,489000.00,509000.00,921000.00,921000.00,1190000.00,1080000.00,1240000.00,1120000.00,1020000.00,1140000.00,909000.00,1120000.00,1070000.00,893000.00,1110000.00,782000.00,786000.00,762000.00
Austria,AUT,68400.00,71100.00,73500.00,77400.00,75100.00,72700.00,78100.00,75700.00,77900.00,80600.00,78800.00,75500.00,73100.00,73200.00,75500.00,76900.00,75500.00,75200.00,75000.00,74500.00,79800.00,83300.00,79200.00,79400.00,79800.00,82500.00,85600.00,84700.00,85700.00,83900.00,82700.00,85900.00,87400.00,92700.00,96300.00,97600.00,95600.00,93300.00,94600.00,89000.00,94200.00,92300.00,90500.00
Azerbaijan,AZE,26300.00,26700.00,28200.00,30900.00,33600.00,41500.00,42800.00,44500.00,46300.00,48400.00,51100.00,55400.00,56900.00,58600.00,59800.00,61400.00,62700.00,63000.00,65200.00,64800.00,78100.00,79000.00,56100.00,52500.00,48500.00,42500.00,39000.00,37700.00,40000.00,40500.00,42600.00,41500.00,40300.00,44100.00,45000.00,47600.00,48500.00,45100.00,53800.00,49600.00,50700.00,54000.00,56500.00
Bahamas,BHS,3560.00,3660.00,4170.00,4540.00,3750.00,4460.00,3940.00,4290.00,4650.00,4450.00,4270.00,5980.00,5160.00,4570.00,4340.00,3440.00,3150.00,3170.00,3340.00,3550.00,3590.00,3470.00,3080.00,2960.00,3180.00,3530.00,3860.00,3540.00,3680.00,3580.00,3190.00,3150.00,3260.00,3560.00,3730.00,3850.00,4010.00,4130.00,4340.00,4340.00,4570.00,4730.00,4870.00
Bahrain,BHR,3810.00,3950.00,5900.00,6760.00,7860.00,7970.00,8570.00,9310.00,9740.00,10300.00,10500.00,11100.00,12000.00,12400.00,12800.00,14600.00,16300.00,16100.00,16300.00,16300.00,17100.00,14400.00,15200.00,15300.00,15200.00,15300.00,16000.00,16900.00,17900.00,18000.00,18200.00,19100.00,20000.00,20500.00,21500.00,23400.00,25100.00,26600.00,29200.00,29200.00,30900.00,31900.00,32800.00
Bangladesh,BGD,113000.00,108000.00,110000.00,111000.00,110000.00,115000.00,113000.00,115000.00,118000.00,121000.00,115000.00,116000.00,118000.00,113000.00,118000.00,119000.00,122000.00,120000.00,122000.00,126000.00,127000.00,127000.00,129000.00,129000.00,131000.00,137000.00,139000.00,140000.00,129000.00,138000.00,136000.00,143000.00,144000.00,146000.00,147000.00,151000.00,155000.00,161000.00,165000.00,170000.00,178000.00,180000.00,183000.00
Barbados,BRB,710.00,703.00,758.00,833.00,706.00,840.00,803.00,847.00,917.00,856.00,868.00,1110.00,1110.00,1280.00,1340.00,1310.00,1320.00,1310.00,1190.00,1200.00,1200.00,1240.00,1240.00,1130.00,1090.00,1100.00,1080.00,1120.00,1210.00,1310.00,1310.00,1230.00,1260.00,1240.00,1280.00,1310.00,1310.00,1360.00,1370.00,1370.00,1450.00,1500.00,1540.00
Belarus,BLR,137000.00,139000.00,144000.00,151000.00,156000.00,168000.00,171000.00,176000.00,179000.00,185000.00,188000.00,190000.00,188000.00,188000.00,185000.00,183000.00,182000.00,181000.00,186000.00,183000.00,185000.00,182000.00,170000.00,153000.00,140000.00,130000.00,131000.00,131000.00,87300.00,87500.00,83400.00,80800.00,89700.00,82000.00,85600.00,90000.00,94500.00,95700.00,101000.00,102000.00,108000.00,109000.00,110000.00
Belgium,BEL,160000.00,154000.00,166000.00,172000.00,173000.00,153000.00,163000.00,162000.00,167000.00,176000.00,165000.00,154000.00,145000.00,136000.00,140000.00,138000.00,138000.00,137000.00,138000.00,138000.00,138000.00,143000.00,141000.00,139000.00,144000.00,147000.00,153000.00,150000.00,152000.00,147000.00,147000.00,145000.00,138000.00,144000.00,141000.00,137000.00,135000.00,132000.00,137000.00,131000.00,138000.00,138000.00,133000.00
Belize,BLZ,313.00,324.00,365.00,395.00,391.00,424.00,391.00,431.00,424.00,453.00,441.00,531.00,558.00,579.00,603.00,527.00,572.00,592.00,476.00,535.00,633.00,690.00,633.00,608.00,593.00,603.00,574.00,663.00,923.00,1140.00,1680.00,1010.00,1700.00,3600.00,1150.00,2020.00,1280.00,1800.00,1410.00,1530.00,1500.00,1540.00,1570.00
Benin,BEN,35200.00,34500.00,34300.00,37000.00,29600.00,31600.00,32300.00,37600.00,32400.00,35200.00,43200.00,36500.00,42000.00,39400.00,39200.00,36100.00,36200.00,37700.00,35100.00,37900.00,47200.00,38200.00,44100.00,41200.00,41200.00,45300.00,45100.00,46300.00,49500.00,43500.00,40300.00,33000.00,47800.00,36900.00,31700.00,48600.00,36400.00,39900.00,37600.00,38100.00,33000.00,33300.00,33500.00
Bermuda,BMU,349.00,350.00,463.00,472.00,422.00,553.00,466.00,514.00,482.00,447.00,471.00,741.00,776.00,1020.00,971.00,683.00,577.00,578.00,792.00,932.00,653.00,582.00,466.00,471.00,491.00,497.00,504.00,421.00,462.00,492.00,519.00,510.00,527.00,543.00,592.00,585.00,601.00,540.00,560.00,561.00,595.00,615.00,633.00
Bhutan,BTN,863.00,877.00,891.00,909.00,925.00,931.00,945.00,964.00,994.00,1010.00,1040.00,1090.00,1100.00,1120.00,1140.00,1190.00,1200.00,1230.00,1190.00,1200.00,1280.00,1280.00,1590.00,1590.00,1610.00,1650.00,1660.00,1600.00,1940.00,3860.00,2310.00,1610.00,1710.00,1470.00,1620.00,1620.00,1970.00,2330.00,1910.00,2190.00,3220.00,3260.00,3300.00
Bolivia,BOL,173000.00,122000.00,150000.00,126000.00,135000.00,153000.00,177000.00,138000.00,167000.00,176000.00,186000.00,169000.00,178000.00,183000.00,145000.00,153000.00,161000.00,196000.00,166000.00,168000.00,193000.00,183000.00,195000.00,214000.00,157000.00,170000.00,176000.00,179000.00,136000.00,226000.00,91400.00,62200.00,111000.00,125000.00,253000.00,309000.00,164000.00,228000.00,120000.00,76400.00,103000.00,621000.00,622000.00
Bosnia and Herzegovina,BIH,23300.00,23600.00,21800.00,23400.00,25700.00,21800.00,20400.00,22000.00,22600.00,22400.00,26000.00,19800.00,23500.00,26800.00,25900.00,27000.00,26000.00,26100.00,29000.00,27300.00,31300.00,28200.00,21600.00,18500.00,6510.00,6580.00,7100.00,12000.00,14800.00,15400.00,22500.00,18100.00,17100.00,18600.00,20000.00,20800.00,22800.00,24700.00,24200.00,24500.00,25600.00,26400.00,27100.00
Botswana,BWA,11400.00,6560.00,7520.00,8170.00,7580.00,9260.00,9120.00,10600.00,10700.00,13200.00,11100.00,10000.00,10900.00,10600.00,8410.00,8470.00,8320.00,10800.00,8750.00,10100.00,13400.00,11000.00,15500.00,9190.00,11100.00,12200.00,10200.00,10100.00,34300.00,34700.00,39700.00,54300.00,51500.00,17500.00,23900.00,24200.00,43500.00,26100.00,73100.00,22900.00,81700.00,81900.00,82100.00
Brazil,BRA,1260000.00,969000.00,1140000.00,1020000.00,1100000.00,1210000.00,1380000.00,1170000.00,1340000.00,1420000.00,1500000.00,1390000.00,1450000.00,1460000.00,1260000.00,1320000.00,1410000.00,1610000.00,1450000.00,1480000.00,1610000.00,1570000.00,1650000.00,1770000.00,1460000.00,1570000.00,1610000.00,1650000.00,2260000.00,1600000.00,1220000.00,1280000.00,1590000.00,1620000.00,1970000.00,2390000.00,1620000.00,2700000.00,1530000.00,1210000.00,2900000.00,2950000.00,2990000.00
Brunei Darussalam,BRN,11500.00,8060.00,10200.00,14600.00,10300.00,10600.00,11500.00,14900.00,16800.00,15000.00,17700.00,15000.00,15200.00,24000.00,15800.00,14100.00,15800.00,19400.00,16500.00,13100.00,18400.00,17600.00,23100.00,20200.00,19000.00,21300.00,18200.00,18600.00,17800.00,9480.00,9650.00,9870.00,9840.00,10800.00,10300.00,11000.00,13200.00,13000.00,13700.00,13500.00,14100.00,14500.00,14800.00
Bulgaria,BGR,88000.00,88200.00,91400.00,92700.00,94000.00,101000.00,102000.00,106000.00,112000.00,116000.00,120000.00,116000.00,118000.00,117000.00,115000.00,118000.00,119000.00,118000.00,122000.00,116000.00,108000.00,85700.00,80500.00,78800.00,76800.00,81800.00,82900.00,78500.00,71900.00,65900.00,66200.00,68700.00,63700.00,70000.00,68900.00,68500.00,69900.00,72500.00,71700.00,65100.00,67900.00,72900.00,67900.00
Burkina Faso,BFA,7370.00,7340.00,7050.00,7000.00,6560.00,6870.00,7110.00,7590.00,7410.00,7890.00,8670.00,8420.00,8990.00,8980.00,9200.00,9750.00,10100.00,10500.00,10700.00,11100.00,12200.00,11900.00,12600.00,12900.00,13300.00,14100.00,14500.00,15500.00,45400.00,41400.00,46500.00,41200.00,50100.00,43700.00,43300.00,47800.00,41400.00,43600.00,40700.00,43500.00,43400.00,43700.00,43900.00
Burundi,BDI,2200.00,2200.00,2280.00,2350.00,2350.00,2440.00,2460.00,2480.00,2500.00,2570.00,2390.00,2210.00,2230.00,2280.00,2320.00,2330.00,2500.00,2490.00,2650.00,2670.00,2800.00,2880.00,2920.00,3020.00,2980.00,3000.00,3050.00,3060.00,6230.00,2770.00,3400.00,3390.00,5030.00,5260.00,5370.00,5300.00,5550.00,5480.00,5720.00,5930.00,6040.00,6150.00,6250.00
Cambodia,KHM,23800.00,18800.00,16500.00,14400.00,10200.00,11400.00,10900.00,12000.00,12500.00,10200.00,14600.00,13500.00,15600.00,20000.00,13200.00,15200.00,16300.00,17300.00,18400.00,17200.00,19500.00,18200.00,20800.00,20000.00,17800.00,20800.00,19000.00,19600.00,125000.00,54700.00,42100.00,64000.00,109000.00,106000.00,178000.00,101000.00,102000.00,197000.00,120000.00,87700.00,126000.00,127000.00,127000.00
Cameroon,CMR,65700.00,64400.00,63500.00,68300.00,54900.00,58800.00,60500.00,70700.00,61300.00,66600.00,81600.00,69900.00,79300.00,81500.00,82200.00,75800.00,80300.00,81700.00,70500.00,80400.00,97600.00,80900.00,91200.00,86700.00,83200.00,90800.00,89200.00,90800.00,158000.00,135000.00,163000.00,119000.00,128000.00,167000.00,97600.00,161000.00,124000.00,120000.00,121000.00,117000.00,99800.00,100000.00,101000.00
Canada,CAN,495000.00,512000.00,497000.00,520000.00,538000.00,530000.00,581000.00,575000.00,550000.00,657000.00,712000.00,699000.00,576000.00,573000.00,569000.00,577000.00,566000.00,571000.00,623000.00,794000.00,609000.00,626000.00,619000.00,656000.00,807000.00,836000.00,699000.00,690000.00,1130000.00,822000.00,761000.00,719000.00,909000.00,951000.00,1040000.00,850000.00,895000.00,892000.00,909000.00,750000.00,764000.00,1030000.00,1030000.00
Cape Verde,CPV,193.00,192.00,202.00,211.00,216.00,224.00,232.00,250.00,255.00,291.00,312.00,290.00,182.00,175.00,196.00,200.00,141.00,153.00,197.00,206.00,208.00,218.00,237.00,239.00,229.00,252.00,233.00,249.00,264.00,274.00,333.00,302.00,309.00,317.00,336.00,363.00,345.00,360.00,369.00,376.00,395.00,404.00,411.00
Cayman Islands,CYM,73.90,74.50,97.70,102.00,92.80,112.00,94.50,107.00,96.60,97.30,98.90,194.00,194.00,239.00,230.00,167.00,151.00,152.00,300.00,300.00,297.00,307.00,304.00,265.00,302.00,332.00,331.00,276.00,311.00,334.00,306.00,306.00,311.00,310.00,346.00,346.00,351.00,379.00,398.00,398.00,422.00,436.00,449.00
Central African Republic,CAF,106000.00,102000.00,100000.00,111000.00,78700.00,87100.00,91100.00,113000.00,89800.00,101000.00,134000.00,105000.00,127000.00,114000.00,113000.00,97700.00,99800.00,106000.00,95500.00,108000.00,146000.00,106000.00,130000.00,118000.00,116000.00,134000.00,130000.00,132000.00,549000.00,437000.00,500000.00,454000.00,351000.00,533000.00,345000.00,456000.00,595000.00,695000.00,603000.00,428000.00,511000.00,513000.00,515000.00
Chad,TCD,14400.00,14200.00,14500.00,14600.00,10800.00,11700.00,12300.00,14500.00,12900.00,14100.00,16800.00,14500.00,16400.00,15300.00,13800.00,12700.00,13200.00,14100.00,13600.00,15000.00,18300.00,15300.00,17300.00,16300.00,16300.00,17900.00,17800.00,18900.00,110000.00,124000.00,129000.00,104000.00,127000.00,132000.00,125000.00,124000.00,128000.00,129000.00,120000.00,102000.00,109000.00,109000.00,110000.00
Chile,CHL,42200.00,43500.00,45400.00,44900.00,43800.00,41600.00,42300.00,40600.00,41700.00,43600.00,44000.00,41800.00,38100.00,38600.00,39600.00,38200.00,39100.00,39800.00,45200.00,51200.00,54700.00,52900.00,55400.00,58400.00,62300.00,66400.00,73600.00,82400.00,91600.00,97100.00,90400.00,90900.00,91200.00,94200.00,99900.00,102000.00,102000.00,113000.00,111000.00,110000.00,114000.00,118000.00,121000.00
China,CHN,1870000.00,1910000.00,2000000.00,2060000.00,2070000.00,2260000.00,2330000.00,2520000.00,2730000.00,2770000.00,2760000.00,2720000.00,2820000.00,2950000.00,3140000.00,3140000.00,3280000.00,3350000.00,3680000.00,3800000.00,3890000.00,4040000.00,4170000.00,4400000.00,4610000.00,5040000.00,5180000.00,5110000.00,5140000.00,5080000.00,5080000.00,5150000.00,5470000.00,6230000.00,7120000.00,7800000.00,8570000.00,9120000.00,10000000.00,10600000.00,11200000.00,12100000.00,12500000.00
Colombia,COL,128000.00,113000.00,124000.00,118000.00,123000.00,134000.00,145000.00,135000.00,146000.00,150000.00,154000.00,150000.00,155000.00,157000.00,144000.00,149000.00,153000.00,166000.00,160000.00,162000.00,174000.00,172000.00,178000.00,189000.00,170000.00,179000.00,183000.00,188000.00,165000.00,150000.00,165000.00,154000.00,148000.00,163000.00,175000.00,151000.00,152000.00,177000.00,167000.00,172000.00,167000.00,170000.00,173000.00
Comoros,COM,203.00,205.00,209.00,214.00,219.00,224.00,232.00,239.00,244.00,252.00,253.00,250.00,250.00,248.00,250.00,241.00,243.00,242.00,272.00,280.00,294.00,295.00,295.00,302.00,308.00,318.00,325.00,331.00,342.00,355.00,366.00,424.00,406.00,387.00,390.00,481.00,385.00,514.00,579.00,532.00,544.00,554.00,564.00
Congo,COG,68600.00,42400.00,44800.00,48600.00,44100.00,49700.00,44800.00,49600.00,51900.00,66300.00,56500.00,50300.00,56300.00,56600.00,45800.00,46400.00,43500.00,57500.00,43100.00,47500.00,63600.00,54100.00,81600.00,50200.00,56800.00,58000.00,51600.00,49800.00,32400.00,27900.00,28400.00,35300.00,24900.00,34900.00,34300.00,38900.00,38000.00,34200.00,31000.00,34600.00,35200.00,35500.00,35700.00
Congo_the Democratic Republic of the,COD,1550000.00,900000.00,959000.00,1020000.00,893000.00,1050000.00,928000.00,1070000.00,1120000.00,1480000.00,1230000.00,1080000.00,1220000.00,1230000.00,960000.00,971000.00,900000.00,1240000.00,880000.00,983000.00,1380000.00,1150000.00,1820000.00,1050000.00,1220000.00,1230000.00,1050000.00,998000.00,1010000.00,824000.00,862000.00,678000.00,764000.00,748000.00,816000.00,795000.00,922000.00,895000.00,754000.00,732000.00,799000.00,801000.00,802000.00
Cook Islands,COK,4.64,5.33,5.12,6.30,7.69,8.73,15.90,16.10,17.10,16.60,17.00,16.60,16.30,16.10,15.50,15.40,15.60,16.40,17.30,17.60,18.30,18.20,18.50,19.30,20.10,20.20,20.30,20.20,8.26,8.35,95.60,92.40,75.30,63.30,72.30,74.70,65.80,41.40,44.10,44.10,46.50,48.00,49.30
Costa Rica,CRI,5200.00,5260.00,5580.00,6200.00,6210.00,6490.00,6580.00,7320.00,7690.00,7910.00,7670.00,7700.00,7460.00,7600.00,7850.00,7760.00,7860.00,7890.00,8130.00,8420.00,8590.00,8910.00,10100.00,10100.00,10500.00,10100.00,9910.00,9920.00,10600.00,10300.00,9850.00,10900.00,10000.00,10400.00,10600.00,10100.00,10700.00,11300.00,10800.00,11100.00,11700.00,12000.00,12300.00
Cote d'Ivoire,CIV,117000.00,114000.00,113000.00,122000.00,98000.00,104000.00,107000.00,124000.00,108000.00,116000.00,141000.00,119000.00,136000.00,128000.00,127000.00,116000.00,117000.00,122000.00,114000.00,123000.00,152000.00,124000.00,143000.00,134000.00,133000.00,147000.00,145000.00,149000.00,25000.00,24300.00,29400.00,28600.00,28700.00,22400.00,22900.00,26300.00,27200.00,27900.00,29700.00,30700.00,32500.00,33000.00,33500.00
Croatia,HRV,25700.00,25700.00,27000.00,28300.00,28300.00,30700.00,30000.00,28800.00,28600.00,30800.00,27200.00,41000.00,39400.00,42500.00,44400.00,46100.00,49100.00,49200.00,43200.00,43800.00,34700.00,26300.00,24800.00,24900.00,24100.00,24600.00,24100.00,26400.00,27400.00,27200.00,27300.00,27200.00,28300.00,30000.00,29700.00,29900.00,30300.00,33300.00,32900.00,31500.00,31200.00,30500.00,30400.00
Cuba,CUB,42400.00,40800.00,41200.00,46300.00,47900.00,49900.00,51100.00,51100.00,52400.00,56400.00,56000.00,57500.00,59300.00,55900.00,59200.00,59900.00,61100.00,61000.00,63300.00,65700.00,57000.00,51000.00,46300.00,43700.00,45500.00,46600.00,48600.00,49600.00,46500.00,45800.00,46300.00,44500.00,48800.00,48500.00,48600.00,45800.00,45500.00,44000.00,48600.00,50500.00,49800.00,51200.00,52400.00
Cyprus,CYP,2760.00,2790.00,3310.00,3450.00,2680.00,2640.00,3110.00,3260.00,3400.00,3600.00,3790.00,3660.00,3730.00,3740.00,3810.00,3770.00,4150.00,4180.00,4830.00,5080.00,5130.00,5710.00,6070.00,6260.00,6690.00,6590.00,6930.00,7000.00,7360.00,7570.00,7950.00,7790.00,8040.00,8900.00,8730.00,8910.00,8760.00,9080.00,9170.00,7720.00,7560.00,7650.00,7430.00
Czech Republic,CZE,213000.00,213000.00,213000.00,211000.00,195000.00,203000.00,208000.00,220000.00,217000.00,227000.00,220000.00,220000.00,222000.00,222000.00,225000.00,222000.00,220000.00,220000.00,216000.00,208000.00,196000.00,178000.00,167000.00,158000.00,151000.00,151000.00,155000.00,149000.00,147000.00,142000.00,162000.00,158000.00,152000.00,158000.00,152000.00,148000.00,148000.00,150000.00,144000.00,138000.00,146000.00,145000.00,139000.00
Denmark,DNK,78800.00,74900.00,76800.00,76600.00,71600.00,73300.00,77800.00,81400.00,81500.00,84800.00,85600.00,73200.00,76200.00,74400.00,73400.00,81300.00,82400.00,82100.00,76400.00,72000.00,72500.00,83000.00,76800.00,79300.00,82900.00,79500.00,92900.00,83200.00,76200.00,72900.00,68600.00,70100.00,69400.00,75000.00,68900.00,64800.00,72800.00,68000.00,65200.00,63000.00,63700.00,58400.00,53700.00
Djibouti,DJI,1050.00,1060.00,1100.00,1130.00,1230.00,1250.00,1310.00,1310.00,1350.00,1760.00,1770.00,1460.00,1210.00,1090.00,985.00,1030.00,1040.00,1080.00,1230.00,1880.00,1820.00,1920.00,1770.00,1790.00,1830.00,1910.00,1920.00,2020.00,1990.00,1970.00,1970.00,2270.00,2020.00,2090.00,2120.00,2160.00,2150.00,2430.00,2520.00,2520.00,2630.00,2700.00,2770.00
Dominica,DMA,51.00,52.90,58.50,63.70,61.80,68.10,67.40,73.00,70.30,65.40,69.50,96.80,99.90,105.00,105.00,101.00,99.90,105.00,121.00,132.00,131.00,130.00,130.00,127.00,138.00,140.00,141.00,132.00,137.00,145.00,141.00,157.00,159.00,163.00,175.00,175.00,191.00,195.00,203.00,203.00,211.00,217.00,223.00
Dominican Republic,DOM,8870.00,9420.00,10800.00,10900.00,11800.00,12400.00,12900.00,13500.00,13400.00,14200.00,14300.00,13600.00,14100.00,15300.00,15800.00,14800.00,15700.00,16000.00,17100.00,18000.00,17000.00,17800.00,19800.00,19600.00,21200.00,22000.00,23300.00,25000.00,26800.00,27100.00,28500.00,28400.00,29300.00,28400.00,28500.00,29200.00,29600.00,30400.00,30600.00,30500.00,31700.00,32600.00,33400.00
Ecuador,ECU,13700.00,12600.00,13200.00,14200.00,15900.00,16900.00,18600.00,19800.00,21000.00,22300.00,23500.00,25100.00,25600.00,24800.00,26100.00,27300.00,28400.00,28100.00,29900.00,30000.00,30900.00,32000.00,33100.00,33600.00,36600.00,39000.00,41300.00,41400.00,40700.00,37400.00,39800.00,41200.00,42600.00,44100.00,45900.00,47000.00,48500.00,49800.00,47600.00,49400.00,50300.00,51600.00,52700.00
Egypt,EGY,56900.00,56600.00,59100.00,56600.00,61900.00,64800.00,71000.00,72600.00,73800.00,76900.00,84800.00,93500.00,99900.00,106000.00,112000.00,116000.00,120000.00,122000.00,129000.00,136000.00,139000.00,142000.00,148000.00,151000.00,147000.00,156000.00,159000.00,165000.00,171000.00,178000.00,184000.00,187000.00,203000.00,212000.00,223000.00,244000.00,256000.00,266000.00,270000.00,266000.00,280000.00,288000.00,295000.00
El Salvador,SLV,4930.00,4970.00,5290.00,5380.00,5490.00,5840.00,6100.00,6500.00,6910.00,6630.00,5910.00,5800.00,5330.00,5450.00,5350.00,5790.00,5730.00,5950.00,6410.00,6400.00,6690.00,7560.00,8040.00,8320.00,9030.00,9240.00,9080.00,10100.00,10200.00,10400.00,10300.00,11400.00,11200.00,11300.00,11600.00,11500.00,11700.00,12100.00,12000.00,11900.00,12000.00,12300.00,12600.00
Equatorial Guinea,GNQ,120.00,122.00,124.00,128.00,131.00,135.00,138.00,145.00,147.00,157.00,158.00,157.00,173.00,178.00,180.00,192.00,199.00,201.00,206.00,241.00,243.00,656.00,1060.00,1480.00,1880.00,1990.00,2150.00,2940.00,3520.00,3780.00,4050.00,5280.00,4390.00,4700.00,5550.00,5680.00,5690.00,5930.00,5770.00,5840.00,6100.00,6240.00,6370.00
Eritrea,ERI,2920.00,2930.00,2870.00,2920.00,2870.00,2810.00,2810.00,2860.00,2870.00,2920.00,2970.00,2970.00,2970.00,3040.00,2950.00,3020.00,3160.00,3100.00,3130.00,3260.00,3340.00,3330.00,3690.00,3460.00,3600.00,3750.00,4190.00,4540.00,4670.00,4940.00,4980.00,4730.00,4460.00,4480.00,4530.00,4480.00,4480.00,4870.00,4950.00,4750.00,4840.00,4910.00,4980.00
Estonia,EST,64900.00,65100.00,67000.00,68200.00,69100.00,70800.00,69800.00,71000.00,70300.00,70800.00,70700.00,70900.00,70800.00,69700.00,68800.00,68700.00,69500.00,69400.00,69900.00,68700.00,55800.00,51500.00,41300.00,34900.00,34300.00,31900.00,32600.00,32100.00,19300.00,18100.00,17800.00,17900.00,23000.00,19400.00,20000.00,20100.00,19600.00,23500.00,21900.00,18800.00,22800.00,24400.00,23300.00
Ethiopia,ETH,54400.00,54400.00,53600.00,55400.00,51300.00,50900.00,51200.00,54500.00,52100.00,54000.00,58100.00,54800.00,57600.00,57500.00,55900.00,56100.00,59200.00,57700.00,57200.00,61400.00,67300.00,63700.00,68900.00,65400.00,65900.00,69200.00,71500.00,73800.00,191000.00,218000.00,184000.00,145000.00,187000.00,172000.00,175000.00,200000.00,175000.00,189000.00,175000.00,182000.00,183000.00,184000.00,185000.00
Falkland Islands (Malvinas),FLK,145.00,196.00,250.00,294.00,345.00,403.00,452.00,503.00,554.00,605.00,657.00,718.00,770.00,831.00,882.00,930.00,980.00,1030.00,1100.00,1150.00,1200.00,1190.00,1190.00,1180.00,1190.00,1190.00,1190.00,1190.00,158.00,157.00,159.00,187.00,159.00,158.00,163.00,163.00,165.00,168.00,168.00,169.00,171.00,174.00,177.00
Faroe Islands,FRO,37.20,37.00,38.20,38.90,39.60,40.00,41.60,42.20,42.60,42.70,43.20,43.60,44.10,44.90,45.70,46.20,46.90,48.10,49.10,50.10,51.40,51.80,52.10,52.60,52.90,53.10,53.40,53.70,43.40,43.70,43.90,43.90,44.10,44.30,44.60,44.80,45.10,45.40,45.70,46.00,46.50,47.00,47.50
Fiji,FJI,1140.00,1160.00,1170.00,1230.00,1380.00,1330.00,1310.00,1460.00,1460.00,1630.00,2070.00,1930.00,1940.00,1920.00,1620.00,1810.00,1860.00,1850.00,1990.00,2190.00,2330.00,2170.00,2000.00,2100.00,2080.00,2180.00,2220.00,2220.00,2320.00,2090.00,1570.00,1640.00,1810.00,1930.00,1810.00,1840.00,1950.00,2100.00,2120.00,2340.00,2160.00,2210.00,2260.00
Finland,FIN,59000.00,58500.00,62900.00,67700.00,64300.00,64000.00,69900.00,69700.00,75200.00,75500.00,76400.00,66600.00,64700.00,63700.00,64200.00,68600.00,68800.00,68800.00,72000.00,72700.00,75600.00,75500.00,71800.00,73500.00,80800.00,77400.00,84000.00,82100.00,77900.00,76500.00,75100.00,80300.00,84000.00,95000.00,88600.00,76200.00,88200.00,85700.00,78400.00,75000.00,84400.00,76100.00,69100.00
France,FRA,615000.00,630000.00,650000.00,691000.00,675000.00,635000.00,679000.00,667000.00,688000.00,697000.00,675000.00,622000.00,597000.00,584000.00,575000.00,562000.00,549000.00,548000.00,534000.00,548000.00,555000.00,581000.00,564000.00,541000.00,538000.00,543000.00,573000.00,565000.00,578000.00,564000.00,560000.00,565000.00,558000.00,565000.00,561000.00,557000.00,547000.00,541000.00,544000.00,528000.00,532000.00,503000.00,499000.00
French Guiana,GUF,642.00,536.00,626.00,610.00,565.00,694.00,710.00,654.00,759.00,741.00,760.00,782.00,892.00,991.00,835.00,798.00,858.00,934.00,1000.00,1020.00,1170.00,1300.00,1170.00,1320.00,1190.00,1310.00,1340.00,1260.00,1010.00,1060.00,947.00,816.00,880.00,915.00,946.00,1160.00,1020.00,1050.00,1540.00,1160.00,1180.00,1220.00,1250.00
French Polynesia,PYF,155.00,156.00,163.00,197.00,211.00,206.00,204.00,212.00,200.00,215.00,297.00,435.00,545.00,701.00,729.00,848.00,972.00,971.00,1050.00,1020.00,1010.00,970.00,961.00,957.00,759.00,777.00,778.00,821.00,828.00,856.00,610.00,602.00,570.00,654.00,658.00,678.00,653.00,689.00,718.00,717.00,755.00,779.00,800.00
Gabon,GAB,6240.00,4700.00,5010.00,8160.00,7980.00,9640.00,10100.00,10500.00,11300.00,12300.00,11300.00,11100.00,11500.00,11000.00,11200.00,12300.00,9860.00,10300.00,9290.00,10900.00,12300.00,11500.00,14100.00,11800.00,12300.00,13200.00,13600.00,13000.00,38100.00,35700.00,32900.00,13800.00,12700.00,14700.00,15100.00,14200.00,14000.00,13100.00,61800.00,14300.00,34100.00,34300.00,34600.00
Gambia,GMB,806.00,818.00,816.00,838.00,799.00,837.00,864.00,932.00,903.00,929.00,1040.00,993.00,1050.00,993.00,981.00,993.00,1030.00,1050.00,1100.00,1130.00,1190.00,1140.00,1180.00,1160.00,1200.00,1240.00,1240.00,1250.00,2090.00,2710.00,2860.00,3730.00,3410.00,2440.00,3120.00,3000.00,3750.00,4030.00,3350.00,3010.00,3480.00,3510.00,3530.00
Georgia,GEO,49600.00,49700.00,52200.00,54700.00,57000.00,53000.00,52300.00,51600.00,51200.00,51200.00,51400.00,51500.00,50800.00,49300.00,48800.00,47900.00,46700.00,46800.00,47700.00,46800.00,38200.00,31400.00,27300.00,23000.00,16500.00,13600.00,12900.00,12100.00,11200.00,11000.00,11600.00,9790.00,20600.00,9650.00,10200.00,11200.00,11800.00,12900.00,12300.00,13300.00,13100.00,14700.00,14600.00
Germany,DEU,1290000.00,1280000.00,1300000.00,1360000.00,1340000.00,1270000.00,1340000.00,1320000.00,1360000.00,1410000.00,1350000.00,1320000.00,1270000.00,1270000.00,1290000.00,1300000.00,1300000.00,1310000.00,1290000.00,1280000.00,1260000.00,1220000.00,1160000.00,1150000.00,1140000.00,1130000.00,1150000.00,1120000.00,1060000.00,1020000.00,1020000.00,1030000.00,1010000.00,1020000.00,1020000.00,981000.00,995000.00,973000.00,992000.00,950000.00,948000.00,930000.00,952000.00
Ghana,GHA,21500.00,21100.00,21300.00,22700.00,19500.00,20600.00,21100.00,24000.00,21000.00,22200.00,26300.00,23500.00,25800.00,22900.00,23300.00,22000.00,22800.00,24000.00,23000.00,25100.00,29500.00,24900.00,28600.00,27600.00,28000.00,30500.00,30600.00,31400.00,130000.00,94500.00,108000.00,104000.00,92900.00,108000.00,71100.00,113000.00,104000.00,107000.00,124000.00,105000.00,106000.00,107000.00,108000.00
Gibraltar,GIB,75.00,75.10,65.00,65.90,66.20,69.50,69.30,66.10,63.00,85.90,101.00,91.60,102.00,92.70,89.70,96.00,125.00,125.00,156.00,147.00,159.00,219.00,258.00,261.00,305.00,303.00,306.00,318.00,334.00,347.00,356.00,362.00,369.00,384.00,388.00,398.00,414.00,426.00,418.00,418.00,443.00,459.00,473.00
Greece,GRC,38700.00,43200.00,50600.00,54200.00,54300.00,56200.00,61500.00,63800.00,66900.00,70200.00,70400.00,69900.00,71500.00,75300.00,77200.00,80600.00,79900.00,79400.00,90100.00,94900.00,96700.00,95700.00,96900.00,96300.00,97400.00,99300.00,102000.00,106000.00,114000.00,110000.00,115000.00,114000.00,115000.00,119000.00,118000.00,120000.00,117000.00,127000.00,117000.00,113000.00,108000.00,105000.00,101000.00
Greenland,GRL,144.00,147.00,151.00,151.00,154.00,157.00,160.00,161.00,165.00,168.00,171.00,175.00,178.00,181.00,183.00,186.00,189.00,192.00,195.00,198.00,201.00,204.00,207.00,210.00,213.00,216.00,219.00,222.00,242.00,228.00,230.00,233.00,235.00,238.00,241.00,244.00,246.00,249.00,252.00,255.00,258.00,260.00,263.00
Grenada,GRD,61.60,61.60,68.40,72.00,66.60,73.90,69.80,75.70,74.20,73.10,73.70,113.00,121.00,135.00,136.00,109.00,108.00,108.00,112.00,115.00,158.00,157.00,158.00,156.00,186.00,178.00,197.00,208.00,206.00,222.00,475.00,445.00,480.00,473.00,501.00,562.00,629.00,626.00,644.00,645.00,683.00,706.00,726.00
Guadeloupe,GLP,607.00,622.00,651.00,706.00,631.00,734.00,723.00,750.00,799.00,743.00,747.00,1100.00,1270.00,1460.00,1590.00,1350.00,1290.00,1280.00,1500.00,1520.00,1570.00,1730.00,1650.00,1630.00,1690.00,1670.00,1710.00,1600.00,1610.00,1690.00,1930.00,1880.00,2110.00,2100.00,2280.00,2290.00,2220.00,2330.00,2400.00,2400.00,2530.00,2610.00,2680.00
Guam,GUM,40.20,38.30,39.90,41.70,42.10,44.00,43.60,45.80,47.80,49.70,51.10,52.80,53.50,55.20,56.30,57.30,58.40,59.70,61.40,59.50,60.20,61.50,63.00,64.50,65.90,67.20,68.50,69.80,67.00,68.20,69.60,70.90,72.20,73.50,74.80,76.10,77.40,78.70,80.20,81.50,83.60,84.80,85.90
Guatemala,GTM,8500.00,9090.00,9700.00,9950.00,10400.00,10900.00,10200.00,11400.00,12100.00,14200.00,13800.00,12500.00,14500.00,12500.00,13400.00,13700.00,13900.00,14400.00,15000.00,14600.00,14900.00,16800.00,16600.00,18500.00,18500.00,19500.00,19900.00,19300.00,87600.00,23100.00,70000.00,21800.00,31400.00,55200.00,24400.00,41700.00,27000.00,34100.00,32900.00,37100.00,30300.00,31000.00,31500.00
Guinea,GIN,49100.00,48000.00,47600.00,51500.00,41700.00,44300.00,45400.00,52400.00,45100.00,48800.00,59800.00,50800.00,57800.00,54300.00,54000.00,49200.00,49300.00,51400.00,48400.00,52400.00,65200.00,52900.00,60000.00,56400.00,56300.00,62500.00,61700.00,62200.00,116000.00,89900.00,84400.00,80300.00,102000.00,75100.00,76300.00,81900.00,101000.00,91100.00,135000.00,160000.00,100000.00,101000.00,101000.00
Guinea-Bissau,GNB,916.00,909.00,922.00,986.00,943.00,1090.00,1180.00,1230.00,1080.00,1140.00,1280.00,1300.00,1570.00,1450.00,1400.00,1210.00,1200.00,1230.00,1320.00,1430.00,1630.00,1500.00,1590.00,1580.00,1600.00,1700.00,1690.00,1710.00,6510.00,8400.00,6790.00,7460.00,5930.00,10900.00,7120.00,5580.00,10500.00,6840.00,5810.00,5050.00,7540.00,7570.00,7600.00
Guyana,GUY,13400.00,10700.00,12400.00,11400.00,12200.00,13800.00,14700.00,13100.00,14600.00,14800.00,15700.00,16300.00,16500.00,16900.00,15400.00,15100.00,15600.00,17600.00,15600.00,15400.00,16700.00,16500.00,17400.00,18500.00,15200.00,16100.00,16400.00,16400.00,12900.00,4580.00,4410.00,4880.00,5090.00,5790.00,4960.00,4920.00,4650.00,4940.00,5110.00,25800.00,5940.00,6040.00,6140.00
Haiti,HTI,4510.00,4640.00,4740.00,4750.00,4760.00,4780.00,5040.00,5170.00,5390.00,5490.00,5570.00,5280.00,5460.00,5610.00,5690.00,5690.00,5330.00,5290.00,5440.00,5420.00,5360.00,5540.00,5790.00,5630.00,5180.00,5950.00,6270.00,6630.00,6750.00,7000.00,7180.00,7500.00,7620.00,7600.00,7870.00,8060.00,8170.00,8540.00,8460.00,8450.00,8550.00,8700.00,8840.00
Honduras,HND,6770.00,7400.00,7600.00,7870.00,8620.00,8970.00,8700.00,9580.00,9750.00,11600.00,11000.00,10100.00,12700.00,11900.00,12900.00,12700.00,13300.00,14000.00,14500.00,13800.00,13700.00,15400.00,14400.00,15400.00,15600.00,16800.00,17200.00,16100.00,22800.00,14000.00,21900.00,12500.00,14900.00,22800.00,15000.00,23200.00,16700.00,19200.00,19800.00,19900.00,19700.00,20100.00,20500.00
Hong Kong,HKG,10300.00,10400.00,10800.00,10900.00,12400.00,12400.00,14300.00,16500.00,17600.00,16500.00,17300.00,18800.00,20200.00,22800.00,24800.00,25900.00,29200.00,29200.00,35000.00,36400.00,37300.00,40200.00,44700.00,47200.00,40700.00,40600.00,39800.00,37300.00,46000.00,49000.00,45300.00,46500.00,45200.00,47900.00,46000.00,46400.00,47400.00,49100.00,51900.00,52000.00,55000.00,56900.00,58600.00
Hungary,HUN,87700.00,90700.00,92200.00,98400.00,102000.00,104000.00,108000.00,113000.00,122000.00,121000.00,120000.00,120000.00,119000.00,115000.00,117000.00,115000.00,113000.00,113000.00,109000.00,106000.00,97600.00,90200.00,79800.00,79300.00,78500.00,77400.00,80700.00,78800.00,77900.00,78200.00,75500.00,76000.00,74600.00,77000.00,75900.00,75500.00,75100.00,72300.00,71600.00,65800.00,66300.00,64400.00,63000.00
Iceland,ISL,3110.00,4120.00,5310.00,6880.00,7680.00,8320.00,9290.00,10300.00,11300.00,12300.00,12900.00,13700.00,14300.00,15200.00,16400.00,17100.00,18000.00,18900.00,20000.00,20900.00,21800.00,21700.00,20800.00,20900.00,21000.00,20900.00,21200.00,21100.00,3590.00,3660.00,4120.00,3830.00,3960.00,3940.00,4020.00,3980.00,4230.00,4450.00,5040.00,5140.00,5390.00,5530.00,5510.00
India,IND,746000.00,754000.00,767000.00,774000.00,797000.00,827000.00,853000.00,872000.00,875000.00,905000.00,929000.00,980000.00,1010000.00,1060000.00,1120000.00,1140000.00,1200000.00,1200000.00,1310000.00,1370000.00,1390000.00,1440000.00,1490000.00,1520000.00,1580000.00,1650000.00,1710000.00,1760000.00,1770000.00,1960000.00,1890000.00,1880000.00,1920000.00,1980000.00,2090000.00,2120000.00,2230000.00,2380000.00,2440000.00,2590000.00,2770000.00,2830000.00,3000000.00
Indonesia,IDN,340000.00,294000.00,733000.00,409000.00,329000.00,329000.00,483000.00,834000.00,502000.00,697000.00,714000.00,638000.00,2490000.00,1110000.00,711000.00,745000.00,1120000.00,1760000.00,814000.00,889000.00,1170000.00,2210000.00,2100000.00,1400000.00,2160000.00,1320000.00,1310000.00,5040000.00,1190000.00,669000.00,622000.00,850000.00,1720000.00,889000.00,1060000.00,1170000.00,2380000.00,773000.00,797000.00,1150000.00,745000.00,764000.00,781000.00
Iran,IRN,142000.00,151000.00,167000.00,195000.00,205000.00,202000.00,226000.00,233000.00,225000.00,200000.00,167000.00,164000.00,201000.00,220000.00,211000.00,222000.00,212000.00,213000.00,224000.00,240000.00,284000.00,310000.00,329000.00,328000.00,364000.00,370000.00,386000.00,403000.00,411000.00,426000.00,448000.00,461000.00,483000.00,516000.00,552000.00,577000.00,620000.00,651000.00,512000.00,523000.00,530000.00,545000.00,551000.00
Iraq,IRQ,51300.00,57100.00,56700.00,61300.00,63200.00,67800.00,79900.00,75000.00,81000.00,101000.00,91600.00,66700.00,73300.00,72400.00,78700.00,88000.00,94000.00,92800.00,99300.00,107000.00,99900.00,70200.00,79800.00,96600.00,107000.00,107000.00,98200.00,103000.00,106000.00,111000.00,124000.00,133000.00,129000.00,108000.00,125000.00,125000.00,130000.00,130000.00,138000.00,138000.00,147000.00,151000.00,156000.00
Ireland,IRL,47200.00,50200.00,50100.00,50500.00,53300.00,51800.00,52200.00,54500.00,54700.00,59400.00,58400.00,57800.00,57700.00,57900.00,58100.00,59600.00,60900.00,60900.00,61700.00,63300.00,65600.00,66000.00,65900.00,66300.00,67800.00,68400.00,70200.00,71600.00,65400.00,66600.00,68100.00,70200.00,69100.00,68900.00,68800.00,70100.00,71500.00,70000.00,70100.00,65600.00,65600.00,61300.00,62400.00
Israel,ISR,17300.00,17400.00,18300.00,19600.00,20100.00,21200.00,21000.00,21900.00,23200.00,23600.00,23600.00,24500.00,25700.00,26600.00,27700.00,29500.00,32000.00,32500.00,36900.00,38400.00,39600.00,40300.00,43000.00,46700.00,50100.00,53300.00,56500.00,58600.00,59600.00,61000.00,65600.00,65900.00,69500.00,71500.00,70600.00,71400.00,73600.00,77100.00,75200.00,75000.00,79100.00,81700.00,84000.00
Italy,ITA,388000.00,399000.00,417000.00,442000.00,445000.00,426000.00,455000.00,447000.00,458000.00,476000.00,478000.00,467000.00,457000.00,452000.00,460000.00,463000.00,465000.00,470000.00,498000.00,518000.00,509000.00,506000.00,504000.00,496000.00,493000.00,518000.00,507000.00,508000.00,519000.00,521000.00,547000.00,543000.00,551000.00,565000.00,563000.00,564000.00,563000.00,547000.00,529000.00,481000.00,489000.00,483000.00,483000.00
Jamaica,JAM,7210.00,7220.00,7830.00,9810.00,9590.00,9140.00,7830.00,8430.00,8600.00,8600.00,8110.00,8080.00,7120.00,7230.00,7050.00,6410.00,6230.00,6290.00,6830.00,8260.00,9320.00,9370.00,10200.00,10500.00,10500.00,10900.00,11200.00,11500.00,11900.00,12200.00,12400.00,12200.00,12400.00,13000.00,13400.00,13300.00,14500.00,15400.00,13900.00,13900.00,14600.00,15100.00,15500.00
Japan,JPN,941000.00,960000.00,1010000.00,1130000.00,1120000.00,1070000.00,1100000.00,1130000.00,1130000.00,1160000.00,1140000.00,1110000.00,1060000.00,1070000.00,1140000.00,1110000.00,1110000.00,1110000.00,1190000.00,1220000.00,1300000.00,1320000.00,1330000.00,1330000.00,1390000.00,1420000.00,1420000.00,1410000.00,1370000.00,1400000.00,1410000.00,1390000.00,1420000.00,1430000.00,1430000.00,1440000.00,1430000.00,1460000.00,1390000.00,1290000.00,1350000.00,1400000.00,1480000.00
Jordan,JOR,2090.00,2160.00,2460.00,2700.00,2820.00,3080.00,3550.00,3700.00,4330.00,4550.00,5530.00,6600.00,7370.00,8200.00,9170.00,9640.00,10200.00,10600.00,10600.00,10800.00,11600.00,11900.00,13900.00,14400.00,15000.00,15800.00,16400.00,16800.00,17200.00,17100.00,17800.00,17700.00,18800.00,18700.00,20900.00,22300.00,22800.00,23900.00,24500.00,24300.00,25600.00,26400.00,27200.00
Kazakhstan,KAZ,186000.00,183000.00,219000.00,210000.00,214000.00,207000.00,230000.00,222000.00,227000.00,218000.00,220000.00,206000.00,207000.00,204000.00,214000.00,213000.00,226000.00,234000.00,240000.00,242000.00,372000.00,363000.00,366000.00,327000.00,289000.00,247000.00,272000.00,207000.00,218000.00,183000.00,207000.00,224000.00,286000.00,257000.00,285000.00,292000.00,325000.00,316000.00,331000.00,288000.00,347000.00,350000.00,367000.00
Kenya,KEN,21900.00,22400.00,23200.00,23800.00,24100.00,24700.00,25300.00,26100.00,27800.00,29500.00,28500.00,28400.00,29800.00,31700.00,33200.00,33300.00,34700.00,34900.00,36800.00,38400.00,38900.00,38100.00,39000.00,39800.00,41300.00,41800.00,41100.00,41200.00,66600.00,47000.00,46200.00,44400.00,43800.00,46300.00,46500.00,48700.00,50000.00,53100.00,53300.00,52500.00,52700.00,53500.00,54300.00
Kiribati,KIR,13.90,14.60,15.00,16.00,17.80,17.70,18.00,21.40,20.80,22.40,30.00,55.40,38.70,40.60,33.80,39.10,34.10,34.70,40.70,39.30,39.80,44.20,41.00,41.20,39.40,40.20,42.20,43.70,39.10,40.40,42.70,43.90,44.80,44.60,46.20,44.60,44.50,51.40,52.40,52.70,55.20,56.70,58.00
"Korea, Democratic People's Republic of",PRK,94000.00,93400.00,97400.00,101000.00,103000.00,108000.00,114000.00,122000.00,132000.00,139000.00,147000.00,151000.00,156000.00,165000.00,166000.00,172000.00,170000.00,171000.00,168000.00,167000.00,163000.00,156000.00,143000.00,132000.00,120000.00,112000.00,101000.00,98700.00,84400.00,89500.00,97800.00,102000.00,96000.00,98100.00,101000.00,107000.00,107000.00,92100.00,99400.00,99900.00,104000.00,107000.00,110000.00
"Korea, Republic of",KOR,88600.00,89200.00,91300.00,107000.00,113000.00,121000.00,130000.00,145000.00,156000.00,173000.00,175000.00,182000.00,181000.00,193000.00,208000.00,215000.00,224000.00,226000.00,258000.00,270000.00,301000.00,329000.00,355000.00,385000.00,418000.00,454000.00,487000.00,514000.00,450000.00,490000.00,513000.00,522000.00,535000.00,546000.00,562000.00,561000.00,566000.00,576000.00,595000.00,594000.00,629000.00,650000.00,669000.00
Kuwait,KWT,68100.00,71400.00,73500.00,66600.00,54800.00,46500.00,45100.00,43000.00,47500.00,55600.00,47100.00,42900.00,42800.00,49100.00,47400.00,49900.00,51400.00,51700.00,58900.00,62700.00,35000.00,47200.00,37600.00,46200.00,54800.00,57200.00,56800.00,59700.00,63900.00,65100.00,65200.00,63500.00,62800.00,74300.00,82100.00,91400.00,87100.00,86200.00,89300.00,88800.00,93800.00,96800.00,99500.00
Kyrgyzstan,KGZ,15200.00,15400.00,17200.00,17200.00,17800.00,17400.00,17800.00,17600.00,18000.00,17800.00,18900.00,17000.00,15900.00,14400.00,13600.00,13600.00,14200.00,14700.00,16900.00,16100.00,33300.00,30200.00,22000.00,17700.00,13400.00,10500.00,12500.00,11400.00,11100.00,9840.00,9970.00,9000.00,10400.00,11000.00,11200.00,10900.00,10700.00,11500.00,11900.00,13200.00,13000.00,13900.00,13800.00
Lao People's Democratic Republic,LAO,22800.00,15400.00,18800.00,26200.00,15400.00,15200.00,14100.00,21500.00,25800.00,22900.00,27500.00,24100.00,23900.00,42800.00,25100.00,21500.00,25100.00,32700.00,25700.00,18500.00,30100.00,26600.00,38400.00,31500.00,28100.00,31900.00,24700.00,25000.00,142000.00,143000.00,24700.00,16000.00,34800.00,20400.00,76300.00,53400.00,25100.00,71000.00,21300.00,24500.00,38000.00,161000.00,162000.00
Latvia,LVA,45400.00,45600.00,48000.00,50400.00,52400.00,52300.00,53700.00,55700.00,57300.00,59400.00,61100.00,62400.00,62900.00,64500.00,65900.00,67700.00,69200.00,69200.00,71800.00,72600.00,33700.00,31600.00,27400.00,24000.00,21100.00,18800.00,18800.00,18100.00,12900.00,12100.00,11500.00,12100.00,13700.00,12800.00,13000.00,13300.00,14100.00,14400.00,14200.00,13600.00,14700.00,14200.00,13900.00
Lebanon,LBN,6390.00,6550.00,7000.00,8540.00,8470.00,7530.00,7170.00,6520.00,7540.00,8440.00,8510.00,8690.00,7420.00,8450.00,8270.00,9250.00,9330.00,9340.00,7600.00,7960.00,7960.00,9720.00,10100.00,12600.00,13600.00,15600.00,16600.00,18200.00,18400.00,18200.00,16800.00,18100.00,18000.00,20300.00,18700.00,19400.00,16900.00,15100.00,18300.00,18100.00,19100.00,19800.00,20400.00
Lesotho,LSO,1790.00,1640.00,1620.00,1610.00,1650.00,1720.00,1690.00,1600.00,1620.00,1740.00,1810.00,1800.00,1840.00,1810.00,1770.00,1840.00,1870.00,2130.00,2060.00,2020.00,1880.00,1870.00,2110.00,1990.00,1970.00,1940.00,1840.00,1810.00,4740.00,3820.00,3230.00,3840.00,2940.00,4650.00,2340.00,3700.00,2160.00,4440.00,2540.00,2730.00,3430.00,3450.00,3470.00
Liberia,LBR,1690.00,1710.00,1790.00,1880.00,1930.00,1980.00,2070.00,2230.00,2260.00,2690.00,2830.00,2530.00,2420.00,2480.00,2340.00,2390.00,2220.00,2250.00,2460.00,2160.00,1750.00,1480.00,1440.00,1410.00,1390.00,1430.00,1490.00,1600.00,4980.00,3370.00,2080.00,2160.00,2050.00,2060.00,2310.00,2080.00,2480.00,2850.00,2860.00,2600.00,2760.00,2800.00,2830.00
Libyan Arab Jamahiriya,LBY,70800.00,54200.00,44200.00,42400.00,32700.00,37600.00,43300.00,45300.00,46900.00,50100.00,53600.00,45300.00,49300.00,47800.00,49200.00,47500.00,54600.00,51200.00,55400.00,56600.00,61100.00,61100.00,55500.00,55600.00,60900.00,65200.00,67300.00,63400.00,63300.00,60200.00,63700.00,62600.00,63300.00,68200.00,68600.00,69900.00,71300.00,71100.00,74200.00,74000.00,77800.00,80100.00,82100.00
Lithuania,LTU,102000.00,103000.00,108000.00,114000.00,120000.00,112000.00,116000.00,120000.00,124000.00,128000.00,132000.00,133000.00,134000.00,136000.00,139000.00,142000.00,143000.00,144000.00,148000.00,149000.00,54300.00,56200.00,38100.00,31700.00,30200.00,29200.00,30200.00,29900.00,25400.00,22700.00,21300.00,21000.00,22000.00,21800.00,22500.00,23600.00,24100.00,25800.00,26700.00,24500.00,26800.00,29300.00,29400.00
Luxembourg,LUX,19400.00,18200.00,17900.00,19300.00,18000.00,14600.00,15500.00,14800.00,16100.00,15200.00,14400.00,12500.00,11800.00,11100.00,12000.00,12200.00,12000.00,12100.00,12000.00,12800.00,13100.00,13800.00,13500.00,13800.00,13000.00,10700.00,10500.00,10100.00,9330.00,9680.00,10300.00,10700.00,11600.00,12000.00,13100.00,13400.00,13500.00,13100.00,12700.00,12300.00,13000.00,12900.00,12600.00
Macao,MAC,273.00,274.00,307.00,430.00,443.00,441.00,435.00,417.00,353.00,365.00,553.00,547.00,583.00,820.00,588.00,650.00,773.00,776.00,922.00,957.00,1020.00,999.00,1050.00,1170.00,1230.00,1190.00,1360.00,1440.00,1580.00,1690.00,1290.00,1340.00,1220.00,1180.00,1340.00,1350.00,1330.00,1410.00,1480.00,1490.00,1570.00,1630.00,1670.00
"Macedonia, the former Yugoslav Republic of",MKD,12100.00,11400.00,11600.00,13000.00,13200.00,11300.00,11700.00,11900.00,10600.00,11900.00,10900.00,14000.00,12400.00,11600.00,12900.00,13500.00,13700.00,14000.00,12100.00,13600.00,14300.00,12900.00,11600.00,11800.00,11700.00,11600.00,12800.00,11700.00,12400.00,11500.00,11600.00,11300.00,10700.00,11100.00,11300.00,11600.00,11600.00,12500.00,11700.00,11600.00,12300.00,12600.00,13000.00
Madagascar,MDG,45300.00,31700.00,33400.00,35200.00,33200.00,36700.00,34600.00,38200.00,40500.00,47800.00,43700.00,40800.00,43700.00,44100.00,39100.00,39500.00,38200.00,44700.00,38400.00,40400.00,48400.00,43900.00,57400.00,42500.00,45800.00,46500.00,43100.00,42200.00,142000.00,91000.00,84200.00,132000.00,84600.00,164000.00,87800.00,160000.00,107000.00,134000.00,94500.00,118000.00,117000.00,118000.00,118000.00
Malawi,MWI,6200.00,4130.00,4560.00,4850.00,4570.00,5380.00,5280.00,5750.00,6100.00,7350.00,6610.00,6280.00,6820.00,6830.00,6120.00,6430.00,6510.00,7910.00,6550.00,7170.00,8540.00,7970.00,10100.00,7510.00,7780.00,8130.00,7700.00,7580.00,17500.00,13800.00,15500.00,12400.00,14300.00,20300.00,15100.00,20500.00,15100.00,17500.00,17700.00,15600.00,21400.00,21500.00,21600.00
Malaysia,MYS,113000.00,85000.00,99600.00,130000.00,90000.00,91200.00,91600.00,121000.00,139000.00,132000.00,151000.00,138000.00,141000.00,221000.00,155000.00,142000.00,158000.00,190000.00,167000.00,145000.00,199000.00,200000.00,254000.00,236000.00,228000.00,252000.00,240000.00,246000.00,259000.00,160000.00,171000.00,176000.00,200000.00,195000.00,216000.00,247000.00,240000.00,251000.00,257000.00,278000.00,264000.00,272000.00,279000.00
Maldives,MDV,21.40,21.80,22.20,23.90,26.30,26.10,26.40,28.30,29.60,31.90,36.20,41.50,39.40,40.60,66.90,93.30,106.00,107.00,121.00,118.00,131.00,130.00,129.00,157.00,261.00,344.00,345.00,338.00,352.00,385.00,305.00,331.00,415.00,454.00,466.00,487.00,568.00,615.00,642.00,645.00,684.00,707.00,727.00
Mali,MLI,25100.00,24900.00,23600.00,24300.00,20100.00,21600.00,22200.00,24800.00,22600.00,24800.00,29400.00,26700.00,29700.00,27000.00,25900.00,23700.00,24100.00,24900.00,24400.00,26200.00,30800.00,26600.00,29600.00,28500.00,28900.00,31500.00,31300.00,32200.00,86400.00,78400.00,70200.00,84100.00,79800.00,67300.00,88400.00,87100.00,83600.00,74700.00,86900.00,74100.00,76800.00,77100.00,77400.00
Malta,MLT,827.00,832.00,1010.00,974.00,904.00,833.00,930.00,985.00,1120.00,1100.00,1210.00,1340.00,1510.00,1180.00,1550.00,1380.00,2120.00,2130.00,2400.00,2590.00,2610.00,2500.00,2460.00,3120.00,2820.00,2710.00,2660.00,2840.00,2740.00,2780.00,2550.00,3050.00,2550.00,2960.00,3020.00,3170.00,3060.00,3230.00,2130.00,1980.00,2050.00,2030.00,1920.00
Marshall Islands,MHL,2.47,2.54,2.60,2.66,2.73,2.79,2.85,2.92,2.98,3.06,3.14,3.24,3.37,3.52,3.67,3.85,4.04,4.24,4.45,4.70,4.91,5.14,5.35,5.51,5.67,5.81,6.03,6.12,6.15,6.18,6.21,6.28,6.36,6.47,6.60,6.74,6.89,7.09,7.32,7.55,7.80,7.88,7.96
Martinique,MTQ,712.00,729.00,815.00,871.00,774.00,920.00,865.00,912.00,965.00,898.00,934.00,1200.00,1190.00,1320.00,1210.00,1220.00,1210.00,1210.00,1490.00,1830.00,1930.00,1730.00,1870.00,2140.00,2110.00,2130.00,2130.00,1910.00,1940.00,2030.00,1780.00,1820.00,1870.00,1870.00,2090.00,2100.00,2190.00,2280.00,2360.00,2360.00,2490.00,2570.00,2650.00
Mauritania,MRT,4920.00,4810.00,4460.00,4390.00,3840.00,3960.00,4170.00,4350.00,4450.00,4670.00,4810.00,5020.00,5100.00,4690.00,4720.00,4980.00,4840.00,4960.00,5650.00,5920.00,5980.00,6220.00,7690.00,7880.00,7880.00,8040.00,8250.00,8690.00,9420.00,9840.00,12000.00,11600.00,10000.00,10300.00,11000.00,11500.00,11500.00,13400.00,11700.00,12000.00,13000.00,13200.00,13300.00
Mauritius,MUS,693.00,700.00,767.00,757.00,767.00,769.00,776.00,826.00,798.00,944.00,980.00,885.00,808.00,903.00,908.00,948.00,1150.00,1170.00,1490.00,1530.00,1580.00,1620.00,1700.00,1670.00,1660.00,1830.00,1840.00,1940.00,1970.00,2100.00,2440.00,2800.00,2460.00,2530.00,2730.00,2850.00,2910.00,2990.00,3150.00,3160.00,3330.00,3440.00,3540.00
Mayotte,MYT,9.66,9.69,9.72,9.75,9.79,9.83,9.87,9.91,9.97,10.00,10.10,10.20,10.20,10.30,10.40,10.50,10.60,10.70,10.80,10.80,10.90,11.10,11.10,11.20,11.30,11.40,11.40,11.50,11.50,11.50,11.60,11.60,11.70,11.70,11.80,11.90,12.00,12.10,12.20,12.40,12.60,12.70,12.80
Mexico,MEX,211000.00,215000.00,229000.00,242000.00,266000.00,280000.00,292000.00,305000.00,333000.00,362000.00,387000.00,407000.00,452000.00,421000.00,437000.00,443000.00,443000.00,454000.00,462000.00,473000.00,494000.00,505000.00,495000.00,502000.00,520000.00,516000.00,533000.00,539000.00,692000.00,554000.00,576000.00,548000.00,568000.00,602000.00,568000.00,641000.00,642000.00,646000.00,644000.00,649000.00,643000.00,653000.00,663000.00
"Micronesia, Federated States of",FSM,22.10,24.90,28.00,27.30,26.80,26.40,19.70,24.40,25.40,26.70,28.00,32.90,34.10,35.20,36.30,38.10,40.20,42.10,43.90,45.80,47.60,48.50,49.40,50.30,50.60,57.80,58.10,58.30,38.40,38.50,38.70,38.80,39.00,39.20,39.30,39.50,39.70,39.90,40.10,40.40,40.60,41.00,41.40
"Moldova, Republic of",MDA,26300.00,26500.00,27900.00,29700.00,31500.00,33800.00,35000.00,35700.00,36900.00,37700.00,39500.00,40500.00,41700.00,43600.00,45600.00,48000.00,50400.00,51100.00,55200.00,56500.00,38000.00,31600.00,26800.00,22800.00,19000.00,16700.00,16900.00,15700.00,14200.00,11900.00,10800.00,11400.00,11300.00,12000.00,12300.00,12800.00,12200.00,12200.00,11200.00,11000.00,11300.00,11400.00,11400.00
Mongolia,MNG,13000.00,13400.00,14900.00,18100.00,17700.00,19800.00,21300.00,24100.00,26600.00,27500.00,37600.00,37900.00,39900.00,45500.00,43700.00,44400.00,48200.00,51400.00,54400.00,53900.00,58000.00,58100.00,59500.00,57900.00,56900.00,59100.00,60800.00,60800.00,50000.00,30700.00,51800.00,27500.00,50500.00,39200.00,25400.00,27700.00,37800.00,55400.00,46500.00,50200.00,24900.00,25400.00,25900.00
Montserrat,MSR,25.30,25.90,29.50,31.30,29.70,33.30,31.10,33.50,31.90,31.60,32.00,48.50,49.00,55.70,54.70,46.10,43.90,44.10,50.10,50.00,58.10,54.60,60.30,56.40,58.30,65.10,61.70,57.60,64.60,69.20,392.00,536.00,525.00,552.00,566.00,454.00,413.00,525.00,536.00,536.00,568.00,588.00,606.00
Morocco,MAR,19600.00,19900.00,20500.00,21900.00,22600.00,23500.00,24600.00,25600.00,27100.00,28300.00,29400.00,28900.00,27800.00,29300.00,29100.00,30800.00,32400.00,33300.00,34500.00,36600.00,37500.00,38300.00,39500.00,39500.00,41300.00,41900.00,42100.00,43900.00,45600.00,48200.00,51000.00,53600.00,53900.00,54300.00,66000.00,70000.00,71400.00,73100.00,72700.00,72200.00,76100.00,78400.00,80400.00
Mozambique,MOZ,45100.00,26300.00,27900.00,30300.00,26700.00,31200.00,27900.00,32000.00,33400.00,43500.00,37000.00,32500.00,36300.00,36200.00,28300.00,28100.00,26900.00,36900.00,26500.00,29900.00,40900.00,34000.00,53300.00,30800.00,35800.00,36900.00,31700.00,30400.00,302000.00,203000.00,215000.00,294000.00,249000.00,355000.00,302000.00,350000.00,301000.00,318000.00,364000.00,307000.00,380000.00,380000.00,380000.00
Myanmar,MMR,656000.00,424000.00,533000.00,772000.00,428000.00,421000.00,407000.00,631000.00,766000.00,659000.00,789000.00,685000.00,677000.00,1290000.00,737000.00,619000.00,731000.00,983000.00,765000.00,519000.00,875000.00,777000.00,1150000.00,937000.00,821000.00,943000.00,705000.00,697000.00,307000.00,338000.00,185000.00,187000.00,226000.00,187000.00,380000.00,223000.00,199000.00,350000.00,189000.00,266000.00,325000.00,527000.00,528000.00
Namibia,NAM,7250.00,6120.00,6340.00,6530.00,6810.00,5480.00,5290.00,6140.00,6270.00,7140.00,7330.00,6430.00,6390.00,6230.00,6040.00,6290.00,6030.00,6510.00,6150.00,6400.00,7300.00,7250.00,8370.00,6900.00,7300.00,7250.00,6720.00,7020.00,22200.00,28400.00,34000.00,31400.00,29500.00,28600.00,34800.00,30900.00,37100.00,36600.00,28600.00,40000.00,37600.00,37900.00,38000.00
Nauru,NRU,1.63,1.69,1.75,1.80,1.85,1.89,1.89,1.91,1.95,2.00,2.05,2.11,2.16,2.22,2.23,2.30,2.38,2.46,2.56,2.65,2.76,2.86,2.96,3.04,3.12,3.20,3.27,3.35,3.43,3.51,3.60,3.68,3.76,3.84,3.91,3.98,4.05,4.13,4.22,4.29,4.43,4.51,4.57
Nepal,NPL,19900.00,20300.00,20100.00,21100.00,21300.00,21700.00,21800.00,22200.00,22300.00,22500.00,23300.00,23300.00,22900.00,23900.00,24400.00,24100.00,24000.00,24700.00,24900.00,24700.00,25100.00,25000.00,24100.00,25400.00,25600.00,26900.00,27200.00,27600.00,28200.00,41300.00,31200.00,29800.00,28900.00,29800.00,30400.00,30900.00,30900.00,31300.00,32000.00,32800.00,32700.00,33200.00,40800.00
Netherlands,NLD,184000.00,187000.00,205000.00,215000.00,210000.00,202000.00,214000.00,213000.00,218000.00,229000.00,219000.00,217000.00,205000.00,202000.00,209000.00,213000.00,216000.00,219000.00,219000.00,223000.00,224000.00,232000.00,231000.00,234000.00,234000.00,235000.00,244000.00,236000.00,227000.00,219000.00,220000.00,220000.00,218000.00,221000.00,221000.00,217000.00,212000.00,209000.00,205000.00,202000.00,212000.00,200000.00,196000.00
Netherlands Antilles,ANT,15300.00,15300.00,14900.00,16400.00,14900.00,10800.00,11400.00,11600.00,9890.00,9800.00,9310.00,8640.00,7870.00,7380.00,7220.00,4900.00,4670.00,4670.00,3850.00,3330.00,3030.00,3180.00,3320.00,2820.00,3150.00,3160.00,3180.00,3210.00,5930.00,5760.00,5970.00,6020.00,5650.00,5930.00,5970.00,6260.00,6190.00,6660.00,6460.00,6450.00,6840.00,7090.00,7300.00
New Caledonia,NCL,1150.00,1150.00,1290.00,1810.00,1830.00,1840.00,1810.00,1720.00,1470.00,1490.00,2370.00,2200.00,1730.00,1650.00,1320.00,1380.00,1340.00,1360.00,1470.00,1540.00,1630.00,1710.00,1840.00,1840.00,1790.00,1760.00,1810.00,1820.00,1820.00,1810.00,1660.00,1650.00,1660.00,1600.00,1550.00,1550.00,1510.00,1510.00,1500.00,1490.00,1570.00,1620.00,1660.00
New Zealand,NZL,49600.00,48300.00,52600.00,53700.00,55500.00,54700.00,57200.00,58500.00,57600.00,56000.00,58600.00,58400.00,60500.00,60800.00,62300.00,62900.00,63200.00,62100.00,65400.00,64200.00,65700.00,65400.00,67100.00,66900.00,68100.00,69600.00,70600.00,73500.00,69500.00,71800.00,74400.00,76300.00,77300.00,80300.00,80200.00,82100.00,83500.00,81900.00,81400.00,76100.00,76100.00,75900.00,78100.00
Nicaragua,NIC,8310.00,8080.00,8170.00,8720.00,9250.00,9440.00,9850.00,10700.00,10500.00,9310.00,9010.00,9080.00,9570.00,9140.00,9380.00,9480.00,9580.00,9150.00,9460.00,9600.00,10300.00,9570.00,10100.00,10800.00,11100.00,10800.00,11000.00,11300.00,22500.00,12400.00,14000.00,14500.00,14700.00,17000.00,14800.00,16800.00,15000.00,15300.00,15800.00,15900.00,15800.00,16100.00,16300.00
Niger,NER,8020.00,8160.00,8330.00,5820.00,5880.00,6310.00,6770.00,7270.00,7690.00,7960.00,8200.00,8310.00,8620.00,8860.00,6570.00,5840.00,6000.00,6020.00,6500.00,6730.00,6930.00,7160.00,7580.00,7590.00,8000.00,8190.00,8400.00,8600.00,10400.00,11300.00,11100.00,11000.00,9330.00,9570.00,9190.00,10300.00,10200.00,11000.00,10500.00,10500.00,11200.00,11300.00,11500.00
Nigeria,NGA,74900.00,90500.00,105000.00,121000.00,137000.00,116000.00,130000.00,124000.00,126000.00,162000.00,156000.00,135000.00,133000.00,133000.00,135000.00,138000.00,137000.00,133000.00,145000.00,155000.00,163000.00,171000.00,189000.00,188000.00,175000.00,184000.00,203000.00,196000.00,332000.00,354000.00,315000.00,319000.00,295000.00,315000.00,288000.00,374000.00,319000.00,335000.00,316000.00,273000.00,292000.00,297000.00,301000.00
Niue,NIU,1.41,1.59,1.57,2.11,2.08,2.13,2.18,2.28,1.96,1.98,1.71,1.72,1.72,1.73,1.65,1.55,1.46,1.35,1.25,1.14,1.00,1.00,1.01,1.01,1.06,1.08,1.11,1.13,1.14,1.15,1.16,1.19,1.19,1.18,1.18,1.20,1.22,1.24,1.26,1.28,1.29,1.31,1.32
Norfolk Island,NFK,4.26,4.45,4.64,0.08,0.09,0.09,0.09,0.09,0.09,0.09,0.09,0.09,0.09,0.09,0.09,0.09,0.09,0.09,0.09,0.09,0.09,0.09,0.09,0.09,0.09,0.09,0.09,0.09,0.09,0.09,0.09,0.09,0.09,0.09,0.09,0.09,0.09,0.09,0.09,0.09,0.09,0.09,0.09
Northern Mariana Islands,MNP,2.66,2.74,2.82,2.89,2.97,3.04,3.12,3.19,3.26,3.32,3.40,3.49,3.58,3.67,3.78,3.92,4.10,4.31,4.55,4.82,5.12,5.45,5.80,6.14,6.50,6.56,6.93,7.32,7.70,8.09,8.47,8.85,9.22,9.59,9.96,10.30,10.70,11.00,11.40,11.80,12.20,12.40,12.50
Norway,NOR,57100.00,55500.00,59200.00,61100.00,60200.00,59000.00,62900.00,64400.00,64200.00,68000.00,66500.00,62700.00,58700.00,59400.00,62500.00,63300.00,65500.00,66900.00,66700.00,66500.00,67500.00,64300.00,64300.00,67300.00,70000.00,70600.00,72000.00,74600.00,74600.00,76300.00,71200.00,71500.00,69700.00,73200.00,73500.00,71600.00,71400.00,72400.00,71000.00,65800.00,65700.00,64200.00,63500.00
Oman,OMN,11300.00,12000.00,12700.00,13500.00,14700.00,41300.00,46100.00,46600.00,40100.00,37400.00,25800.00,28800.00,26700.00,29500.00,26900.00,23800.00,27100.00,27300.00,30000.00,30500.00,35400.00,39200.00,39100.00,38900.00,37300.00,41400.00,43200.00,44900.00,27600.00,30800.00,35400.00,40700.00,43300.00,46500.00,46100.00,48100.00,50900.00,52500.00,55200.00,55500.00,59000.00,60700.00,62200.00
Pakistan,PAK,87100.00,88300.00,89400.00,91900.00,95700.00,101000.00,102000.00,107000.00,112000.00,117000.00,119000.00,124000.00,130000.00,133000.00,137000.00,142000.00,148000.00,149000.00,163000.00,168000.00,173000.00,176000.00,185000.00,195000.00,201000.00,209000.00,220000.00,226000.00,234000.00,247000.00,247000.00,251000.00,257000.00,272000.00,291000.00,299000.00,314000.00,336000.00,339000.00,343000.00,355000.00,362000.00,370000.00
Palau,PLW,0.62,0.64,0.67,0.70,0.72,0.75,0.76,0.76,0.77,0.78,0.80,0.84,0.89,0.94,1.00,1.05,1.07,1.09,1.11,1.13,1.16,1.18,1.20,1.23,1.25,1.27,1.30,1.32,1.34,1.36,1.37,1.37,1.36,1.35,1.34,1.34,1.34,1.35,1.35,1.36,1.36,1.38,1.39
Panama,PAN,5710.00,5880.00,6180.00,6560.00,6810.00,6990.00,7030.00,6960.00,6840.00,7260.00,6950.00,6660.00,7120.00,7460.00,6870.00,6730.00,6910.00,6920.00,6500.00,6610.00,6810.00,7310.00,8020.00,8210.00,8470.00,8820.00,8890.00,8870.00,10100.00,8740.00,9160.00,11300.00,10500.00,10900.00,10800.00,10600.00,12000.00,11700.00,15100.00,15500.00,15400.00,15900.00,16200.00
Papua New Guinea,PNG,6720.00,5590.00,17800.00,9590.00,7310.00,7370.00,11600.00,21300.00,11500.00,17200.00,18500.00,16600.00,71600.00,32600.00,19800.00,20900.00,31700.00,49900.00,22200.00,23700.00,29500.00,58900.00,56400.00,37200.00,58400.00,35400.00,34400.00,143000.00,8730.00,6690.00,8260.00,10400.00,84400.00,10200.00,19700.00,9450.00,14200.00,9770.00,9520.00,11300.00,10700.00,10900.00,11100.00
Paraguay,PRY,52400.00,37900.00,45600.00,39100.00,41900.00,47300.00,54900.00,44300.00,52400.00,54700.00,57700.00,53700.00,56700.00,57900.00,47900.00,50800.00,53700.00,64000.00,56200.00,56800.00,63800.00,59600.00,63700.00,70200.00,54400.00,60600.00,62300.00,63400.00,48100.00,137000.00,39400.00,86900.00,83000.00,83800.00,69000.00,90700.00,67100.00,139000.00,54100.00,46900.00,50000.00,50400.00,50800.00
Peru,PER,55300.00,49500.00,51700.00,50000.00,53200.00,54900.00,58600.00,53800.00,56700.00,58800.00,60600.00,60100.00,60700.00,57000.00,54000.00,53600.00,57200.00,62300.00,60300.00,57800.00,59500.00,57300.00,59400.00,62900.00,57500.00,63400.00,66900.00,67200.00,70300.00,64300.00,66600.00,49700.00,51000.00,53100.00,56400.00,68600.00,58700.00,70900.00,63700.00,64800.00,71600.00,73300.00,74800.00
Philippines,PHL,78200.00,78600.00,79500.00,88800.00,84200.00,85600.00,84900.00,89700.00,92100.00,94600.00,90500.00,87100.00,87000.00,91700.00,83800.00,82500.00,82700.00,83700.00,92300.00,94600.00,96400.00,96200.00,102000.00,106000.00,117000.00,126000.00,134000.00,141000.00,163000.00,141000.00,150000.00,143000.00,138000.00,140000.00,143000.00,146000.00,201000.00,149000.00,152000.00,224000.00,160000.00,164000.00,167000.00
Pitcairn,PCN,0.02,0.02,0.02,0.02,0.02,0.02,0.02,0.02,0.02,0.02,0.02,0.02,0.02,0.02,0.02,0.02,0.02,0.02,0.02,0.02,0.02,0.02,0.02,0.02,0.02,0.02,0.02,0.02,0.02,0.02,0.02,0.02,0.02,0.02,0.02,0.02,0.02,0.02,0.02,0.02,0.02,0.02,0.02
Poland,POL,466000.00,468000.00,491000.00,516000.00,542000.00,566000.00,586000.00,603000.00,624000.00,618000.00,606000.00,569000.00,575000.00,578000.00,584000.00,581000.00,594000.00,588000.00,584000.00,559000.00,474000.00,460000.00,453000.00,449000.00,449000.00,459000.00,436000.00,434000.00,389000.00,381000.00,393000.00,386000.00,376000.00,388000.00,412000.00,412000.00,423000.00,421000.00,421000.00,405000.00,426000.00,423000.00,415000.00
Portugal,PRT,26900.00,28800.00,29600.00,32100.00,31600.00,33200.00,34600.00,35200.00,37300.00,40300.00,41400.00,43000.00,43600.00,44300.00,42700.00,41500.00,45700.00,46100.00,47700.00,56700.00,58200.00,60300.00,64300.00,63300.00,64500.00,69200.00,67600.00,70800.00,83100.00,84700.00,88600.00,85400.00,88300.00,89900.00,84900.00,102000.00,81300.00,79400.00,74400.00,75500.00,71700.00,72000.00,72500.00
Puerto Rico,PRI,2380.00,2500.00,2570.00,2630.00,2640.00,2530.00,2550.00,2510.00,2530.00,2520.00,2430.00,2440.00,2480.00,2450.00,2520.00,2540.00,2610.00,2620.00,2750.00,2860.00,2940.00,3010.00,2740.00,2830.00,2910.00,2890.00,2950.00,3000.00,2860.00,2910.00,2960.00,3010.00,3030.00,3100.00,3100.00,3120.00,3110.00,3060.00,3070.00,3120.00,3200.00,3250.00,3290.00
Qatar,QAT,13100.00,15600.00,18400.00,21000.00,18100.00,18300.00,17000.00,15700.00,17300.00,17800.00,16200.00,14900.00,16300.00,15600.00,20000.00,19000.00,20400.00,20300.00,21400.00,22300.00,22000.00,23300.00,24700.00,25400.00,26800.00,27300.00,29900.00,36800.00,38700.00,43700.00,44400.00,45500.00,47000.00,51800.00,58800.00,61400.00,68100.00,77100.00,83100.00,86200.00,98400.00,101000.00,103000.00
Reunion,REU,464.00,477.00,495.00,538.00,551.00,571.00,600.00,639.00,631.00,712.00,710.00,721.00,747.00,859.00,909.00,926.00,974.00,1000.00,1290.00,1330.00,1350.00,1520.00,1470.00,1740.00,1720.00,1780.00,1790.00,1820.00,2130.00,2190.00,2090.00,2150.00,2020.00,2130.00,2140.00,2210.00,2190.00,2260.00,2320.00,2330.00,2460.00,2540.00,2600.00
Romania,ROU,176000.00,179000.00,185000.00,200000.00,204000.00,218000.00,236000.00,246000.00,263000.00,269000.00,266000.00,270000.00,268000.00,279000.00,271000.00,270000.00,274000.00,272000.00,285000.00,279000.00,247000.00,205000.00,186000.00,175000.00,171000.00,177000.00,182000.00,167000.00,147000.00,130000.00,133000.00,138000.00,135000.00,141000.00,140000.00,140000.00,144000.00,141000.00,137000.00,120000.00,118000.00,126000.00,122000.00
Russian Federation,RUS,2240000.00,2240000.00,2410000.00,2450000.00,2530000.00,2690000.00,2800000.00,2850000.00,2910000.00,2960000.00,3030000.00,3030000.00,3060000.00,3080000.00,3110000.00,3150000.00,3240000.00,3290000.00,3380000.00,3390000.00,3590000.00,3390000.00,3130000.00,3010000.00,2710000.00,2650000.00,2720000.00,2460000.00,3460000.00,2510000.00,2770000.00,2650000.00,2980000.00,3540000.00,2410000.00,2530000.00,2750000.00,2600000.00,3000000.00,2560000.00,2600000.00,2780000.00,2800000.00
Rwanda,RWA,2030.00,2010.00,2040.00,2120.00,2090.00,2180.00,2190.00,2280.00,2370.00,2390.00,2450.00,2630.00,2730.00,2850.00,3030.00,3210.00,3200.00,3270.00,3310.00,3480.00,3250.00,3320.00,3370.00,3160.00,3050.00,3230.00,3420.00,3680.00,5450.00,4840.00,4900.00,3920.00,4810.00,4790.00,5640.00,4960.00,5020.00,4900.00,5180.00,5970.00,6550.00,6620.00,6690.00
Saint Helena,SHN,2.55,3.94,4.04,3.81,3.91,4.03,4.09,6.19,5.58,5.97,5.89,5.46,5.50,6.86,6.19,6.55,6.67,6.94,8.62,8.71,14.40,9.07,8.82,9.97,10.30,10.70,5.00,5.00,5.06,5.18,11.00,7.21,7.17,7.20,8.14,8.42,7.20,8.02,8.15,8.13,8.46,8.70,8.91
Saint Kitts and Nevis,KNA,64.80,63.50,75.90,75.50,71.40,87.70,80.70,85.50,82.10,76.40,78.00,122.00,136.00,137.00,135.00,109.00,101.00,101.00,109.00,103.00,97.70,112.00,113.00,112.00,129.00,124.00,137.00,123.00,133.00,140.00,161.00,154.00,157.00,162.00,170.00,168.00,176.00,172.00,176.00,177.00,184.00,190.00,195.00
Saint Lucia,LCA,140.00,140.00,166.00,175.00,162.00,185.00,166.00,185.00,167.00,171.00,168.00,223.00,258.00,284.00,282.00,260.00,244.00,245.00,287.00,292.00,278.00,282.00,285.00,265.00,312.00,334.00,348.00,331.00,294.00,312.00,405.00,408.00,412.00,427.00,470.00,473.00,493.00,512.00,534.00,534.00,564.00,582.00,599.00
Saint Pierre and Miquelon,SPM,0.80,0.82,0.84,0.87,0.89,0.92,0.94,0.96,0.97,0.99,1.01,1.02,1.04,1.05,1.07,1.37,1.38,1.37,1.39,1.30,1.33,1.28,1.30,1.29,1.34,1.36,1.38,1.40,1.43,1.46,9.62,8.01,8.38,8.46,8.66,8.76,10.50,8.34,8.46,8.47,8.87,9.13,9.37
Saint Vincent and the Grenadines,VCT,67.60,67.70,77.10,81.60,78.30,88.00,81.30,88.80,84.90,85.60,87.00,116.00,121.00,139.00,135.00,125.00,119.00,115.00,129.00,148.00,141.00,135.00,139.00,125.00,178.00,188.00,188.00,173.00,214.00,227.00,223.00,224.00,234.00,240.00,260.00,261.00,268.00,277.00,285.00,286.00,302.00,311.00,319.00
Samoa,WSM,117.00,117.00,117.00,119.00,131.00,132.00,133.00,140.00,146.00,155.00,190.00,274.00,228.00,232.00,256.00,264.00,254.00,265.00,282.00,278.00,287.00,284.00,293.00,290.00,272.00,280.00,289.00,306.00,300.00,306.00,319.00,324.00,315.00,314.00,313.00,307.00,326.00,327.00,330.00,331.00,341.00,349.00,356.00
Sao Tome and Principe,STP,39.30,39.60,40.40,42.50,43.50,45.30,47.40,50.30,50.70,55.20,59.50,58.50,60.30,62.30,63.00,65.20,67.80,68.90,71.60,71.50,97.50,102.00,101.00,102.00,103.00,107.00,108.00,111.00,105.00,109.00,207.00,188.00,191.00,210.00,170.00,177.00,155.00,170.00,176.00,177.00,185.00,191.00,195.00
Saudi Arabia,SAU,78200.00,94000.00,121000.00,163000.00,171000.00,140000.00,174000.00,185000.00,188000.00,217000.00,261000.00,237000.00,230000.00,223000.00,171000.00,169000.00,178000.00,176000.00,198000.00,201000.00,205000.00,218000.00,233000.00,245000.00,259000.00,262000.00,276000.00,281000.00,293000.00,296000.00,311000.00,322000.00,336000.00,355000.00,366000.00,386000.00,401000.00,420000.00,447000.00,471000.00,495000.00,515000.00,549000.00
Senegal,SEN,8240.00,8270.00,8040.00,8110.00,7850.00,8270.00,8530.00,9050.00,8840.00,9130.00,9390.00,9020.00,9340.00,8930.00,9120.00,9320.00,9610.00,9990.00,9810.00,10300.00,11000.00,10600.00,11400.00,11400.00,11700.00,12100.00,12600.00,13100.00,45000.00,56400.00,48600.00,58800.00,55000.00,34600.00,49200.00,50300.00,58400.00,47400.00,51900.00,47300.00,53400.00,53800.00,54200.00
Serbia and Montenegro,SCG,40000.00,40800.00,40900.00,44100.00,47500.00,50000.00,52900.00,55500.00,60800.00,63600.00,61000.00,59200.00,60800.00,64100.00,68700.00,71000.00,73900.00,74200.00,75400.00,70700.00,81900.00,70400.00,63700.00,56300.00,52300.00,58600.00,67300.00,72700.00,71800.00,54600.00,57500.00,59900.00,63800.00,66900.00,74100.00,39300.00,42500.00,63900.00,63000.00,64000.00,68500.00,70400.00,72100.00
Seychelles,SYC,139.00,140.00,146.00,151.00,160.00,163.00,167.00,177.00,176.00,215.00,235.00,187.00,170.00,270.00,275.00,290.00,302.00,303.00,457.00,436.00,365.00,402.00,386.00,393.00,382.00,403.00,396.00,447.00,428.00,440.00,535.00,528.00,681.00,697.00,674.00,688.00,726.00,787.00,806.00,806.00,854.00,884.00,910.00
Sierra Leone,SLE,7410.00,7350.00,7290.00,7710.00,6660.00,6990.00,7200.00,8020.00,7270.00,7740.00,8980.00,7890.00,8680.00,8170.00,7940.00,7590.00,7760.00,8010.00,7970.00,8360.00,9630.00,8260.00,8800.00,8430.00,8300.00,8960.00,8920.00,9170.00,19000.00,25000.00,14800.00,32400.00,22500.00,20900.00,21200.00,14900.00,27000.00,28600.00,33100.00,17500.00,11600.00,11700.00,11800.00
Singapore,SGP,7680.00,7710.00,9180.00,10200.00,10600.00,10700.00,11600.00,12900.00,14500.00,15600.00,15800.00,17000.00,17700.00,19000.00,19200.00,19800.00,20200.00,20300.00,23200.00,24300.00,32600.00,34400.00,35800.00,41100.00,44100.00,44500.00,46600.00,47200.00,48800.00,45100.00,48100.00,49900.00,43700.00,43200.00,44800.00,47600.00,48400.00,49800.00,50100.00,49800.00,52700.00,54400.00,55900.00
Slovakia,SVK,53500.00,52000.00,53300.00,55000.00,56000.00,57600.00,58400.00,60700.00,67900.00,69000.00,76300.00,75500.00,73100.00,72900.00,75800.00,75100.00,72100.00,71800.00,74900.00,73400.00,72300.00,63400.00,59300.00,56000.00,54000.00,53800.00,54900.00,54900.00,53000.00,52300.00,50400.00,50100.00,49600.00,49300.00,48400.00,49000.00,48400.00,48100.00,49200.00,46700.00,50000.00,48600.00,46300.00
Slovenia,SVN,11100.00,11300.00,11300.00,12800.00,13500.00,14300.00,14300.00,15400.00,15800.00,16800.00,16400.00,16600.00,16000.00,17700.00,18900.00,18300.00,18200.00,18600.00,21400.00,20600.00,20000.00,18500.00,17800.00,18300.00,18300.00,18900.00,20100.00,21800.00,21500.00,21100.00,20900.00,21700.00,22300.00,21900.00,22100.00,22400.00,22800.00,22900.00,23300.00,21500.00,21900.00,21500.00,21100.00
Solomon Islands,SLB,3570.00,3560.00,3820.00,4110.00,4070.00,4390.00,4440.00,4730.00,5350.00,5030.00,5610.00,5760.00,5900.00,5810.00,5640.00,6260.00,5950.00,6430.00,6640.00,6080.00,5900.00,4420.00,3300.00,3530.00,3810.00,3890.00,4050.00,4060.00,3890.00,3780.00,4090.00,4150.00,4330.00,4400.00,4420.00,4320.00,4340.00,4410.00,4410.00,4420.00,4480.00,4540.00,4590.00
Somalia,SOM,13200.00,13100.00,13500.00,13300.00,13300.00,14200.00,14200.00,15100.00,16200.00,16300.00,16300.00,16800.00,17200.00,16900.00,17200.00,17800.00,18100.00,18800.00,19400.00,19400.00,18000.00,16200.00,15400.00,16900.00,18300.00,18800.00,19200.00,19700.00,20900.00,21200.00,20500.00,20600.00,20900.00,21500.00,21200.00,21200.00,21200.00,21300.00,21500.00,21100.00,21500.00,21700.00,21900.00
South Africa,ZAF,254000.00,250000.00,251000.00,269000.00,276000.00,294000.00,308000.00,310000.00,287000.00,299000.00,308000.00,312000.00,309000.00,300000.00,316000.00,318000.00,314000.00,316000.00,332000.00,339000.00,349000.00,343000.00,354000.00,348000.00,356000.00,371000.00,384000.00,403000.00,458000.00,431000.00,420000.00,416000.00,434000.00,456000.00,473000.00,498000.00,480000.00,502000.00,493000.00,468000.00,457000.00,451000.00,451000.00
Spain,ESP,173000.00,184000.00,198000.00,212000.00,225000.00,231000.00,250000.00,243000.00,243000.00,256000.00,270000.00,275000.00,268000.00,272000.00,262000.00,256000.00,261000.00,259000.00,268000.00,289000.00,293000.00,301000.00,308000.00,294000.00,306000.00,319000.00,310000.00,330000.00,344000.00,364000.00,381000.00,378000.00,397000.00,408000.00,421000.00,437000.00,430000.00,440000.00,405000.00,373000.00,355000.00,354000.00,348000.00
Sri Lanka,LKA,16500.00,16300.00,16400.00,16800.00,17600.00,15200.00,15700.00,17200.00,18200.00,18100.00,18600.00,18900.00,18700.00,19000.00,19600.00,18800.00,18500.00,17400.00,18700.00,17500.00,18400.00,18000.00,19100.00,19400.00,20800.00,20600.00,21700.00,21400.00,20600.00,22800.00,23300.00,22400.00,23500.00,24600.00,25400.00,27200.00,26000.00,27800.00,28000.00,27800.00,29100.00,29800.00,30500.00
Sudan,SDN,59400.00,58800.00,59400.00,66000.00,56200.00,60100.00,61900.00,69000.00,62300.00,68600.00,82100.00,74400.00,83700.00,79700.00,80000.00,76300.00,74500.00,76400.00,74000.00,78600.00,92700.00,80100.00,92400.00,90800.00,95800.00,102000.00,103000.00,107000.00,520000.00,512000.00,529000.00,423000.00,517000.00,499000.00,486000.00,536000.00,454000.00,634000.00,572000.00,559000.00,488000.00,490000.00,492000.00
Suriname,SUR,10000.00,7810.00,8950.00,8390.00,8390.00,9350.00,10300.00,8860.00,10300.00,10500.00,11000.00,10700.00,10800.00,10500.00,8650.00,9120.00,9350.00,10500.00,9100.00,9340.00,10500.00,10100.00,10600.00,11100.00,8490.00,9190.00,9410.00,9290.00,3180.00,2520.00,2500.00,2430.00,3140.00,2770.00,3270.00,2580.00,2540.00,2470.00,3260.00,3130.00,2530.00,2600.00,2660.00
Swaziland,SWZ,1610.00,1630.00,1670.00,1740.00,1750.00,1850.00,1960.00,2050.00,2130.00,2230.00,2100.00,2030.00,2020.00,2010.00,1960.00,2100.00,2120.00,2130.00,2190.00,2250.00,2260.00,2250.00,2290.00,2090.00,2220.00,2290.00,2310.00,2390.00,3990.00,3250.00,2810.00,2690.00,2760.00,2630.00,3060.00,2940.00,2650.00,3720.00,3260.00,3030.00,3380.00,3430.00,3480.00
Sweden,SWE,113000.00,107000.00,107000.00,110000.00,103000.00,104000.00,111000.00,107000.00,102000.00,105000.00,97900.00,90400.00,84100.00,78500.00,78600.00,82900.00,84000.00,83800.00,79800.00,77000.00,77200.00,78800.00,79800.00,79900.00,82400.00,82200.00,87900.00,81600.00,83300.00,81500.00,77900.00,77100.00,78900.00,79400.00,77700.00,74600.00,74200.00,71300.00,70000.00,65000.00,71400.00,68800.00,65800.00
Switzerland,CHE,50100.00,51300.00,52000.00,56700.00,51900.00,49300.00,50900.00,52300.00,53700.00,52100.00,53200.00,51500.00,48000.00,53400.00,52100.00,55900.00,55600.00,55800.00,54200.00,54900.00,56400.00,57900.00,57500.00,54900.00,54800.00,54600.00,54900.00,53600.00,54400.00,54300.00,53100.00,54100.00,53000.00,54600.00,55200.00,55900.00,55800.00,54100.00,56600.00,55200.00,57200.00,53100.00,54100.00
Syrian Arab Republic,SYR,11200.00,11200.00,11200.00,10700.00,13200.00,15400.00,17900.00,19500.00,20100.00,23400.00,23200.00,25300.00,28700.00,32900.00,35500.00,33100.00,33900.00,41000.00,43700.00,42400.00,48600.00,54800.00,57200.00,58500.00,57500.00,60600.00,62100.00,62200.00,66600.00,67600.00,68200.00,65600.00,66200.00,66100.00,66900.00,67600.00,71000.00,73100.00,70100.00,70000.00,73000.00,75200.00,77100.00
Taiwan_Province of China,TWN,42300.00,42900.00,47700.00,52800.00,51900.00,56300.00,65700.00,70300.00,78900.00,83300.00,90900.00,84100.00,82900.00,88400.00,91000.00,91800.00,104000.00,104000.00,125000.00,135000.00,137000.00,147000.00,156000.00,167000.00,177000.00,186000.00,195000.00,208000.00,228000.00,236000.00,249000.00,257000.00,265000.00,275000.00,285000.00,291000.00,299000.00,302000.00,290000.00,289000.00,306000.00,317000.00,326000.00
Tajikistan,TJK,7690.00,7990.00,8360.00,8740.00,9150.00,8290.00,8540.00,8640.00,8800.00,9010.00,9730.00,9830.00,9660.00,10000.00,10100.00,10600.00,11300.00,11600.00,11900.00,12200.00,21700.00,22700.00,20200.00,16100.00,13100.00,12700.00,12400.00,11500.00,11500.00,11300.00,10100.00,10400.00,10300.00,10800.00,11900.00,12200.00,13200.00,14500.00,14300.00,14100.00,14700.00,15300.00,15400.00
Tanzania_United Republic of,TZA,98900.00,60600.00,64700.00,68500.00,61300.00,70900.00,64800.00,73100.00,76900.00,97900.00,83500.00,75100.00,83400.00,83400.00,67100.00,68400.00,65600.00,86100.00,65100.00,71900.00,95000.00,81800.00,121000.00,75700.00,86100.00,90900.00,79400.00,76200.00,286000.00,158000.00,216000.00,197000.00,184000.00,260000.00,221000.00,270000.00,168000.00,202000.00,201000.00,231000.00,234000.00,235000.00,235000.00
Thailand,THA,110000.00,105000.00,107000.00,122000.00,111000.00,118000.00,121000.00,133000.00,141000.00,138000.00,145000.00,143000.00,142000.00,161000.00,154000.00,158000.00,159000.00,166000.00,181000.00,189000.00,208000.00,220000.00,238000.00,246000.00,260000.00,282000.00,296000.00,301000.00,400000.00,317000.00,284000.00,287000.00,322000.00,324000.00,380000.00,364000.00,350000.00,389000.00,358000.00,364000.00,421000.00,431000.00,440000.00
Timor-Leste,TLS,588.00,604.00,651.00,658.00,647.00,604.00,546.00,486.00,442.00,377.00,352.00,357.00,373.00,394.00,418.00,423.00,428.00,428.00,408.00,425.00,453.00,529.00,513.00,535.00,704.00,781.00,637.00,617.00,643.00,560.00,615.00,791.00,804.00,860.00,879.00,886.00,898.00,902.00,913.00,925.00,940.00,950.00,959.00
Togo,TGO,9570.00,9340.00,9320.00,9930.00,7990.00,8590.00,8770.00,10200.00,8930.00,9690.00,11600.00,9840.00,11400.00,10500.00,10500.00,9680.00,10100.00,10600.00,10200.00,10900.00,13400.00,10900.00,12200.00,11400.00,11800.00,12800.00,13200.00,13200.00,29200.00,19900.00,22100.00,18100.00,21000.00,20300.00,14400.00,32100.00,17700.00,19400.00,27200.00,23900.00,22600.00,22800.00,22900.00
Tokelau,TKL,0.45,0.45,0.45,0.46,0.46,0.45,0.44,0.42,0.42,0.42,0.41,0.40,0.40,0.40,0.38,0.37,0.37,0.36,0.36,0.36,0.36,0.36,0.36,0.37,0.37,0.37,0.37,0.37,0.37,0.37,0.37,0.37,0.36,0.36,0.36,0.36,0.36,0.36,0.35,0.35,0.36,0.37,0.37
Tonga,TON,56.60,55.60,56.40,60.20,64.20,72.00,76.00,83.80,100.00,102.00,115.00,138.00,130.00,112.00,103.00,104.00,104.00,125.00,136.00,131.00,124.00,131.00,143.00,144.00,155.00,150.00,154.00,152.00,142.00,141.00,175.00,175.00,150.00,158.00,152.00,154.00,153.00,153.00,148.00,148.00,152.00,155.00,158.00
Trinidad and Tobago,TTO,8140.00,8110.00,8300.00,8610.00,8540.00,7900.00,8910.00,9780.00,10200.00,10200.00,10900.00,11500.00,13000.00,13500.00,14100.00,14500.00,14600.00,14600.00,15800.00,15600.00,15400.00,15600.00,16100.00,15400.00,16900.00,16800.00,18500.00,19000.00,21200.00,22900.00,24100.00,25300.00,27100.00,31400.00,38400.00,43900.00,52000.00,51300.00,54600.00,54900.00,58100.00,59800.00,61300.00
Tunisia,TUN,8480.00,8770.00,9430.00,9630.00,10400.00,10600.00,11000.00,11800.00,12300.00,13300.00,14500.00,14900.00,14700.00,16500.00,17200.00,17900.00,18200.00,18600.00,19400.00,20600.00,21200.00,22100.00,23200.00,24000.00,24000.00,24700.00,26100.00,26800.00,28100.00,29500.00,30800.00,31300.00,31600.00,31500.00,32500.00,32200.00,33200.00,33600.00,35100.00,35600.00,37600.00,38700.00,39700.00
Turkey,TUR,94400.00,99400.00,109000.00,115000.00,118000.00,126000.00,137000.00,147000.00,147000.00,142000.00,147000.00,150000.00,159000.00,163000.00,170000.00,175000.00,187000.00,194000.00,199000.00,212000.00,224000.00,227000.00,238000.00,245000.00,241000.00,261000.00,278000.00,290000.00,296000.00,296000.00,316000.00,298000.00,310000.00,324000.00,333000.00,348000.00,377000.00,406000.00,399000.00,405000.00,423000.00,435000.00,446000.00
Turkmenistan,TKM,29900.00,30300.00,32000.00,34000.00,36500.00,24600.00,29500.00,31200.00,33000.00,34000.00,31200.00,32500.00,34200.00,36000.00,37500.00,39800.00,41500.00,43200.00,46000.00,46900.00,81300.00,74800.00,56300.00,57800.00,55800.00,55200.00,51100.00,45900.00,45800.00,56000.00,63200.00,66900.00,70800.00,80000.00,77000.00,79200.00,81000.00,86700.00,91500.00,80000.00,87400.00,88600.00,92200.00
Turks and Caicos Islands,TCA,1.47,1.47,1.46,1.46,1.43,1.40,1.39,1.40,1.44,1.49,1.55,1.64,1.74,1.85,1.96,2.08,2.15,2.21,2.26,2.32,2.39,8.70,9.32,7.60,7.83,8.02,3.13,3.27,3.43,3.59,4.47,9.09,8.39,8.41,8.79,9.01,10.30,16.20,17.00,17.30,18.30,18.70,19.20
Tuvalu,TUV,2.27,2.27,2.27,2.27,2.27,2.27,2.34,2.45,2.55,2.70,2.86,2.85,3.09,3.07,3.31,3.52,3.53,3.40,3.46,3.96,4.03,4.37,4.49,4.45,4.55,4.63,4.68,4.78,4.80,4.88,4.90,4.91,5.03,5.04,5.04,5.04,5.05,5.05,5.06,5.07,5.11,5.18,5.24
Uganda,UGA,14700.00,15500.00,16500.00,18100.00,17400.00,19100.00,20400.00,22500.00,22600.00,24200.00,26400.00,25400.00,27700.00,28000.00,28900.00,29100.00,30500.00,30100.00,31100.00,33100.00,36900.00,35300.00,37200.00,37200.00,37200.00,38800.00,38900.00,39700.00,85900.00,58900.00,72800.00,58000.00,59800.00,89600.00,70100.00,111000.00,40800.00,104000.00,89200.00,52800.00,79900.00,80300.00,80700.00
Ukraine,UKR,561000.00,565000.00,584000.00,607000.00,622000.00,648000.00,667000.00,678000.00,681000.00,695000.00,693000.00,691000.00,691000.00,696000.00,699000.00,714000.00,718000.00,727000.00,732000.00,730000.00,953000.00,885000.00,804000.00,712000.00,607000.00,598000.00,534000.00,515000.00,485000.00,483000.00,470000.00,460000.00,463000.00,484000.00,457000.00,435000.00,433000.00,444000.00,437000.00,367000.00,393000.00,410000.00,405000.00
United Arab Emirates,ARE,33000.00,41400.00,44900.00,56900.00,57400.00,57800.00,70400.00,69600.00,78600.00,57200.00,60200.00,53900.00,52800.00,51000.00,66600.00,67700.00,64900.00,62300.00,64800.00,71800.00,72500.00,80000.00,78800.00,81300.00,88000.00,93900.00,103000.00,102000.00,105000.00,107000.00,115000.00,115000.00,127000.00,134000.00,140000.00,143000.00,152000.00,168000.00,181000.00,182000.00,193000.00,199000.00,205000.00
United Kingdom,GBR,840000.00,837000.00,822000.00,863000.00,824000.00,809000.00,825000.00,834000.00,831000.00,877000.00,807000.00,789000.00,773000.00,763000.00,731000.00,767000.00,786000.00,786000.00,788000.00,776000.00,777000.00,783000.00,761000.00,734000.00,729000.00,728000.00,744000.00,716000.00,705000.00,680000.00,674000.00,683000.00,662000.00,671000.00,663000.00,659000.00,658000.00,646000.00,635000.00,585000.00,610000.00,568000.00,586000.00
United States,USA,5400000.00,5440000.00,5700000.00,5910000.00,5760000.00,5540000.00,5870000.00,6050000.00,6050000.00,6140000.00,5900000.00,5830000.00,5530000.00,5520000.00,5760000.00,5780000.00,5730000.00,5740000.00,6190000.00,6220000.00,6140000.00,6070000.00,6140000.00,6280000.00,6370000.00,6370000.00,6580000.00,6720000.00,6750000.00,6810000.00,6970000.00,6820000.00,6980000.00,6990000.00,7240000.00,7180000.00,6990000.00,7130000.00,6650000.00,6600000.00,6710000.00,6570000.00,6340000.00
Uruguay,URY,25500.00,25200.00,26100.00,26700.00,27700.00,29400.00,28200.00,28000.00,28300.00,29800.00,31500.00,31300.00,30600.00,26900.00,25600.00,25900.00,26100.00,27400.00,29600.00,28600.00,26100.00,27800.00,29400.00,30000.00,30000.00,30400.00,31700.00,31500.00,31000.00,32300.00,30400.00,29600.00,30100.00,30900.00,32700.00,32700.00,34000.00,33900.00,34100.00,33500.00,33300.00,33800.00,34200.00
Uzbekistan,UZB,82900.00,84400.00,88600.00,93600.00,99200.00,68100.00,73700.00,76400.00,79000.00,79200.00,76400.00,78100.00,81000.00,83600.00,85800.00,88900.00,92300.00,94900.00,98600.00,98900.00,169000.00,172000.00,163000.00,163000.00,157000.00,145000.00,147000.00,151000.00,166000.00,168000.00,166000.00,168000.00,176000.00,174000.00,171000.00,168000.00,174000.00,174000.00,184000.00,174000.00,173000.00,181000.00,177000.00
Vanuatu,VUT,230.00,248.00,248.00,274.00,296.00,299.00,307.00,307.00,302.00,306.00,338.00,353.00,337.00,342.00,322.00,370.00,372.00,383.00,410.00,401.00,433.00,421.00,405.00,428.00,425.00,426.00,432.00,442.00,444.00,453.00,463.00,457.00,444.00,441.00,435.00,436.00,431.00,445.00,449.00,427.00,434.00,440.00,446.00
Venezuela,VEN,137000.00,124000.00,130000.00,135000.00,136000.00,135000.00,146000.00,140000.00,153000.00,168000.00,180000.00,177000.00,181000.00,181000.00,176000.00,179000.00,185000.00,195000.00,190000.00,197000.00,210000.00,208000.00,213000.00,225000.00,212000.00,228000.00,240000.00,250000.00,286000.00,231000.00,252000.00,266000.00,233000.00,281000.00,258000.00,255000.00,256000.00,280000.00,271000.00,266000.00,269000.00,276000.00,282000.00
Viet Nam,VNM,79100.00,77400.00,78700.00,83400.00,79900.00,80400.00,79200.00,83300.00,83200.00,83100.00,85100.00,86400.00,89200.00,93300.00,91800.00,92700.00,95800.00,95900.00,99100.00,97300.00,99100.00,101000.00,105000.00,109000.00,114000.00,121000.00,127000.00,134000.00,187000.00,176000.00,156000.00,160000.00,188000.00,190000.00,229000.00,233000.00,234000.00,256000.00,256000.00,266000.00,279000.00,285000.00,311000.00
Virgin Islands_British,VGB,31.90,29.60,35.90,37.80,35.50,40.50,36.70,39.80,37.60,37.40,37.90,77.80,79.00,93.70,86.20,68.50,68.80,59.90,72.20,75.20,72.90,71.60,74.40,69.40,72.00,73.40,80.10,70.50,76.90,82.40,77.70,77.00,79.00,86.80,92.90,94.10,96.80,109.00,114.00,114.00,120.00,124.00,127.00
Virgin Islands_USA,VIR,21.80,23.10,24.50,25.90,28.00,30.80,32.00,33.90,35.10,36.20,38.20,39.40,40.10,41.50,42.10,42.50,42.70,43.30,44.00,44.70,45.30,45.80,46.30,46.80,47.20,47.60,48.00,48.60,42.00,42.60,43.30,43.90,44.50,45.10,45.70,48.10,49.60,51.70,53.80,56.60,60.20,60.90,61.50
Wallis and Futuna,WLF,4.67,4.75,4.90,4.95,4.97,4.97,4.79,4.93,6.46,6.39,6.31,6.39,6.52,6.77,7.06,7.40,7.36,7.56,7.60,7.51,7.75,7.84,8.04,8.10,8.16,8.19,8.26,8.25,8.25,8.26,8.36,8.33,8.41,8.45,8.45,8.46,8.48,8.51,8.52,8.47,8.50,8.58,8.67
Western Sahara,ESH,280.00,284.00,309.00,318.00,336.00,347.00,359.00,375.00,383.00,424.00,443.00,437.00,452.00,453.00,462.00,476.00,489.00,492.00,521.00,506.00,500.00,508.00,500.00,498.00,495.00,516.00,518.00,534.00,529.00,539.00,593.00,591.00,585.00,603.00,603.00,623.00,615.00,640.00,656.00,661.00,682.00,696.00,709.00
Yemen,YEM,4840.00,5100.00,5350.00,5680.00,5870.00,5920.00,6190.00,6260.00,6620.00,6900.00,7810.00,7910.00,8470.00,9000.00,9190.00,9610.00,10000.00,10100.00,11600.00,12000.00,12900.00,14500.00,15300.00,14600.00,16600.00,17900.00,18400.00,19700.00,20900.00,22900.00,24200.00,25200.00,26600.00,29000.00,29500.00,32700.00,35000.00,36200.00,36800.00,37000.00,38900.00,39900.00,40900.00
Zambia,ZMB,234000.00,133000.00,143000.00,153000.00,133000.00,158000.00,140000.00,161000.00,170000.00,225000.00,186000.00,162000.00,183000.00,183000.00,142000.00,144000.00,135000.00,188000.00,132000.00,149000.00,210000.00,174000.00,278000.00,157000.00,183000.00,185000.00,157000.00,150000.00,449000.00,329000.00,291000.00,297000.00,300000.00,356000.00,369000.00,396000.00,315000.00,341000.00,321000.00,266000.00,320000.00,320000.00,320000.00
Zimbabwe,ZWE,24000.00,21400.00,21200.00,23200.00,22600.00,22700.00,23300.00,23300.00,22600.00,23700.00,22800.00,21800.00,22700.00,22600.00,22000.00,23900.00,26000.00,28200.00,29400.00,30300.00,35100.00,34100.00,38300.00,30200.00,30200.00,30400.00,30600.00,29500.00,76400.00,66700.00,51400.00,58500.00,50300.00,48200.00,61700.00,59900.00,55500.00,60900.00,68800.00,67900.00,71000.00,71600.00,72100.00
